name,accepted,offer_class,gender,age,phone_calls,emails,customer_code,salary,offer_code,customer_type,number,offer_value,estimated_expenses,center
8550AB469CB2445,no,Premium,female,,1.0,2.0,2678,1524.58,8CA,C,0F2A2,303.97325739999997,7207.0,B
07355EE27DD1493,no,High,male,32.0,0.0,0.0,244360,1300.0,9DD,S,5F15A,64.07505546,3675.0,A
034E73A251554F0,yes,Premium,female,,1.0,1.0,370365,1550.0,517,Q,AC578,108.58175039999999,4750.0,B
0AF961B4AC7A439,no,Premium,male,,0.0,1.0,2652,722.92,9CB,C,8A8CC,155.4959567,1401.0,A
8535BBCA690A4AE,yes,Premium,male,,0.0,1.0,1601,5649.58,6FF,S,42EFB,121.3710334,2106.0,B
B8A3C4B5FDE74D2,no,Premium,male,29.0,0.0,0.0,315082,787.5,DDF,S,5D73B,165.07534669999998,2985.0,B
2C797DCB48744EA,yes,Premium,female,,1.0,3.0,C.A. 2315,2057.5,4EB,S,D096A,138.7359119,7547.0,B
1004379959394F2,no,Premium,female,18.0,0.0,2.0,2691,1445.42,0.00E+00,C,20148,129.57733100000002,4791.0,B
46AACF6692654AF,no,Premium,male,,0.0,1.0,36865,773.75,69F,Q,8E607,96.27579841,5709.0,B
E1ED4839E59F4FE,no,Medium,male,51.0,0.0,1.0,PC 17597,6137.92,2F9,C,AE78D,88.32566219,6503.0,A
174003D902C3450,no,Premium,male,33.0,0.0,0.0,A./5. 3338,805.0,32C,S,4AD14,145.73988569999997,6910.0,A
7D1020DC3B34422,no,Premium,male,,0.0,0.0,A./5. 3235,805.0,673,S,CC7C6,190.9536634,3840.0,B
D66BF2F5E2184E6,yes,Premium,female,19.0,1.0,2.0,2653,1574.17,B21,C,A48D0,164.714481,5790.0,B
F0FEC2493E11410,no,Premium,male,21.0,0.0,0.0,A./5. 2152,805.0,06B,S,E2807,119.5601455,6311.0,B
EF6AE0EEF6484DD,no,Premium,male,28.0,0.0,1.0,363611,805.0,FD7,S,6CA45,138.062911,4901.0,B
53A85088674C4A9,yes,High,male,,1.0,2.0,230080,2600.0,CF8,S,3A1F8,103.0950839,2518.0,A
A322C9A4C9C9483,no,Premium,male,,0.0,1.0,364498,1450.0,3C7,S,37654,145.048628,6334.0,B
A1EE021D77DE468,no,Medium,male,62.0,0.0,1.0,113514,2655.0,CFB,S,15785,101.9894745,4805.0,B
242796C1BCB24D6,yes,High,male,24.0,0.0,0.0,28034,1050.0,1B1,S,1097A,93.9099628,5872.0,B
565533BF5D8A423,yes,High,female,,0.0,1.0,SC 1748,1200.0,170,C,44C31,80.21475936,1560.0,A
0CD59D70417A463,no,Premium,female,41.0,0.0,6.0,3101295,3968.75,1CD,S,F644C,116.800329,4623.0,B
7189856BE17C470,no,Premium,female,21.0,0.0,0.0,364846,775.0,518,Q,81572,83.09150659,3617.0,A
5A82E75BE77C453,yes,Premium,female,,0.0,1.0,2687,722.92,737,C,A432C,145.9695293,5259.0,A
170C3BF18E9C469,yes,Medium,female,64.0,1.0,1.0,112901,2655.0,709,S,41B81,100.6139738,6277.0,B
7E7980AB834D495,no,High,male,27.0,0.0,0.0,211536,1300.0,58B,S,D035D,104.78325749999999,5543.0,A
58CD7C5E9D984CA,no,Premium,male,,0.0,0.0,A/5 1478,805.0,1A3,S,B411B,70.37456519,1327.0,A
6D799B20F2134E4,no,Premium,female,45.0,0.0,2.0,2691,1445.42,6BD,C,FAEA1,150.6990767,2875.0,B
BC2DD6337E384C2,yes,Medium,female,44.0,0.0,1.0,PC 17610,2772.08,61A,C,D7808,137.7960729,3803.0,B
4CF2BD7C25314F0,no,Premium,male,38.5,0.0,1.0,,725.0,1.00E+00,S,120AA,98.24255296,5182.0,A
BA9704F959F4427,yes,Premium,female,,0.0,0.0,2667,722.5,AFC,C,8.80E+61,215.4091121,6588.0,B
B4136005B4404F6,no,Premium,male,31.0,0.0,1.0,21332,773.33,BB0,Q,199,80.82122016,1713.0,B
26309C21E9C14BB,yes,Premium,male,,0.0,1.0,312991,777.5,549,S,85F4F,70.54879102,5321.0,B
35BBE1FF447444A,no,Premium,male,23.0,1.0,0.0,347072,1390.0,C46,S,8FE9C,85.16781355,7197.0,B
AF07C400E50F4E6,no,Medium,male,64.0,1.0,5.0,19950,26300.0,5F4,S,BE55D,162.93243619999998,3703.0,B
4C3166EDC9864FF,yes,High,female,,1.0,1.0,29103,2300.0,3CD,S,EEF3E,108.75507490000001,2060.0,B
9BFD8AC901CB403,no,Premium,male,,1.0,2.0,2678,1524.58,F8E,C,3AAD4,53.43418048,6588.0,A
5331DD9F6EEF4B9,no,High,male,19.0,0.0,0.0,28424,1300.0,DCC,S,0849A,136.9759335,7584.0,B
8BD8A027BDA340C,no,Premium,male,,0.0,0.0,370372,775.0,B1D,Q,42F18,117.53092609999999,6467.0,A
DCABED293F9E496,no,Premium,female,18.5,0.0,1.0,329944,728.33,93A,Q,54C3C,71.33454239,2566.0,B
24D13EF5820C49E,yes,High,male,20.0,0.0,0.0,SC/PARIS 2166,1386.25,964,C,D6939,101.12009690000001,6604.0,B
6124A666C2F240F,yes,High,female,28.0,1.0,1.0,P/PP 3381,2400.0,FF8,C,5B93A,50.39161044,5201.0,A
282C859D670D45B,no,Premium,female,,1.0,2.0,SOTON/O.Q. 3101315,1377.5,34A,S,BE3BA,270.54161569999997,5851.0,B
A472C30155B64A4,yes,Medium,female,63.0,1.0,1.0,13502,7795.83,801,S,1B8E6,60.742666899999996,4089.0,A
235143431F7A4B7,yes,Medium,male,38.0,1.0,0.0,19943,9000.0,2BD,S,AF2BC,292.461723,7392.0,A
8AB34F951CFF457,no,Premium,male,24.0,0.0,0.0,350409,785.42,94F,S,717AD,273.5441782,6525.0,B
F19E5415CD794F3,no,Premium,female,,0.0,0.0,330909,762.92,C3A,Q,C2981,54.15508305,2997.0,B
D561953B1CFB419,no,Premium,female,30.0,1.0,1.0,349910,1555.0,6A6,S,1390F,96.12105715,4936.0,B
F265579C3C3740E,no,Premium,male,,0.0,0.0,7534,921.67,41B,S,768F7,70.34927407,4620.0,A
A218266D47A9429,yes,High,male,,0.0,3.0,28220,3250.0,88F,S,57293,150.0411916,3531.0,A
93466C478B724C9,yes,Medium,male,,0.0,3.0,16966,13450.0,EB4,C,B4810,104.4551645,6568.0,A
EAA16DA13EA3498,yes,Medium,female,41.0,0.0,0.0,16966,13450.0,638,C,75D26,50.02261933,4094.0,B
7C053766047746A,yes,High,female,22.0,1.0,1.0,248738,2900.0,C20,S,56F18,87.2893253,5574.0,A
ABA69113CB794F2,no,Premium,male,,1.0,2.0,2690,722.92,F80,C,A400E,93.91000301,5987.0,A
CADE44FD78B94A5,no,Premium,male,40.5,0.0,0.0,C.A. 6212,1510.0,61B,S,A7910,114.1816966,6525.0,B
DBE6D778FAFB46A,yes,Medium,female,40.0,0.0,0.0,PC 17582,15346.25,5FB,S,B2E4D,83.69399899,7891.0,B
BB363CC92854466,yes,Medium,male,56.0,0.0,0.0,13213,3550.0,77D,C,99E7D,179.13132109999998,4840.0,A
29C5493CE7EF447,yes,Medium,female,22.0,1.0,1.0,113776,6660.0,D78,S,7D77D,61.32982762,2754.0,A
F8C2D43CFD6A476,no,High,male,42.0,1.0,1.0,243847,2700.0,34B,S,05C59,152.2359979,7621.0,B
F0C023A1C64B434,no,Premium,female,37.0,0.0,1.0,4135,958.75,59A,S,4214,129.3269831,3902.0,B
AB2AE042C28446F,yes,Premium,female,,0.0,0.0,335432,773.33,777,Q,109A6,78.1460358,7520.0,B
04779E8B7D83463,no,Premium,male,,0.0,1.0,S.C./A.4. 23567,805.0,A43,S,4BF57,128.45046100000002,7171.0,B
A4630F4581B5431,no,Premium,male,20.0,0.0,0.0,2648,401.25,95B,C,C3D7D,251.97718730000003,5371.0,B
C5EE31658F3A4D0,no,Premium,female,23.0,0.0,0.0,315085,866.25,A06,S,6153,106.21520190000001,7594.0,B
D73348AC4BFF4B1,no,High,male,29.0,1.0,0.0,2003,2600.0,48A,S,D712B,271.8088924,1896.0,B
9D7DC82C1B74461,no,Premium,male,,1.0,0.0,2660,1445.42,90D,C,60D38,94.22738708,6980.0,B
F0FE20B04AB543B,no,Premium,male,19.0,0.0,0.0,358585,1450.0,E9E,S,8F7CD,113.99681840000001,5183.0,A
B5C22B8FFE6A490,no,Premium,male,,0.0,0.0,384461,775.0,FB9,Q,CC754,67.29839445,2782.0,A
4EBBB0D6B8984D3,yes,High,female,30.0,0.0,1.0,250648,1300.0,38F,S,F6602,219.7761516,1848.0,A
473FCA25F7FE45F,yes,Premium,female,18.0,0.0,0.0,2657,722.92,4F5,C,30849,61.075516,1823.0,B
EC47A738CB58446,no,Premium,male,,0.0,1.0,349254,789.58,ED8,C,AC68D,198.69808989999999,2565.0,A
F5C48965F73145E,no,Premium,male,33.0,0.0,1.0,347465,785.42,8A9,S,D3A6D,53.8350353,1943.0,B
EA1C20AE433543B,yes,Premium,female,,2.0,0.0,367226,2325.0,6B6,Q,5C213,78.399085,5067.0,A
739C59AA4D4840D,no,High,male,34.0,1.0,1.0,244367,2600.0,BCA,S,AC300,133.6496101,4903.0,A
61F6F94F89B0407,no,Medium,male,65.0,0.0,1.0,13509,2655.0,EBC,S,0EFF2,52.21693499,7439.0,B
9D8E425268E8421,yes,Premium,female,36.0,0.0,3.0,C.A. 37671,1590.0,21F,S,81D21,164.3395174,6874.0,A
43A94E45F2914F9,no,Premium,male,22.0,1.0,1.0,A/5 21171,725.0,FFC,S,D6ECF,287.3673434,1328.0,B
DE763437968144E,no,High,male,30.0,0.0,0.0,28228,1300.0,EF1,S,54856,124.708699,7034.0,A
5D4D1C208D434D1,no,Premium,male,26.0,0.0,0.0,349202,789.58,B49,S,E777B,85.08497457,1453.0,A
7B065F55867344F,no,Medium,male,70.0,1.0,2.0,WE/P 5735,7100.0,F16,S,9358C,169.76127580000002,2474.0,A
625A9AB36279496,yes,High,female,30.0,3.0,1.0,31027,2100.0,FED,S,F519C,62.96605416,5195.0,A
2E688B33CB2A4F4,yes,Medium,female,39.0,1.0,1.0,17421,11088.33,C01,C,15CDC,146.3184454,3592.0,B
97FC0D7151EB498,no,Premium,male,19.0,0.0,1.0,349212,789.58,A7B,S,F36F4,121.1896638,7481.0,B
3CC713DBD515472,no,Premium,male,28.0,0.0,1.0,345783,950.0,DF8,S,712EC,107.424498,2376.0,B
C9DE5A2E7BC24AB,no,Medium,male,40.0,0.0,1.0,112059,0.0,0.00E+00,S,29B9B,176.27997539999998,5579.0,A
2BFC3C2F3697457,no,Medium,male,42.0,0.0,1.0,110489,2655.0,11,S,90F8B,,7051.0,A
1DF1B8C7D2A1495,no,High,male,30.0,0.0,1.0,250653,1300.0,2F9,S,BA9EF,102.4438123,4998.0,B
1A0DC4A6B26D4EF,no,High,male,32.5,1.0,0.0,237736,3007.08,D5F,C,8B331,131.7193768,2762.0,A
8816EB571C6B435,no,High,male,,0.0,0.0,239853,0.0,302,S,A5285,146.1928314,2825.0,A
DB3F647B505C4BD,no,Premium,male,70.5,0.0,1.0,370369,775.0,A2E,Q,56A6E,127.8851572,2230.0,A
E4B445C848E4401,no,High,male,29.0,0.0,0.0,W./C. 14263,1050.0,18D,S,93DBA,368.6685336,3198.0,A
232EA0238C704C5,no,Premium,female,30.0,0.0,0.0,315084,866.25,CC9,S,A4563,190.89539330000002,5700.0,A
14E7265E6DDB42E,no,Premium,female,,5.0,3.0,CA 2144,4690.0,603,S,A9927,169.667561,5813.0,A
FC747E6AF1214EE,yes,Medium,female,60.0,0.0,0.0,11813,7629.17,D2F,C,F4793,198.2519646,2383.0,A
D8BBAF84047E4CE,no,High,male,30.0,0.0,1.0,248744,1300.0,B3F,S,1D002,174.5845601,6945.0,A
E4126DC9DB41479,no,Medium,male,22.0,0.0,1.0,PC 17760,13563.33,88C,C,9.50E+63,197.9475072,3161.0,B
F9008F17E774475,no,Premium,male,30.0,0.0,0.0,2694,722.5,953,C,8D7B2,66.99954845,4477.0,B
780CC364A28A499,yes,High,female,19.0,1.0,0.0,2908,2600.0,B2A,S,9DB11,115.19536609999999,3692.0,B
E073EC300E4E4E6,no,Medium,male,64.0,0.0,1.0,693,2600.0,EFE,S,4FDE0,99.99073237,5196.0,A
128CC19850494B0,yes,Premium,female,,1.0,0.0,2659,1445.42,603,C,7D30C,56.73586126,5670.0,A
6E98C2D819EB434,no,High,male,54.0,0.0,1.0,28403,2600.0,0CA,S,3A1DA,71.75425728,5849.0,A
CE61D396D89644F,no,Premium,female,,0.0,3.0,2678,1524.58,A33,C,81982,60.90630452,4832.0,A
A5008A88F1BE45E,no,Premium,male,21.0,0.0,0.0,STON/O 2. 3101294,792.5,E54,S,D6896,248.21918230000003,3023.0,A
A9C86EC87901410,yes,Medium,female,21.0,0.0,0.0,13502,7795.83,97F,S,9D8B9,106.3500736,1265.0,B
6D59E5B4E04D46B,yes,Medium,male,35.0,0.0,0.0,PC 17475,2628.75,A92,S,D76FA,68.44284326,7824.0,A
F36F20E6C4C9460,no,Medium,male,47.0,1.0,0.0,PC 17757,22752.5,2,C,C7C42,128.2773469,3126.0,A
BD56245A6EC24AF,yes,Medium,female,62.0,0.0,0.0,113572,8000.0,AFE,,82802,55.87032165,5806.0,B
FEA6B7D8E8BC4E6,yes,Medium,male,31.0,0.0,0.0,2543,2853.75,875,C,1FFBA,84.44756328,6401.0,B
BFAEC8F911F841B,no,Premium,male,32.0,1.0,0.0,3101278,,9C0,S,52591,137.3959181,5384.0,B
B46FEF6D0A874CC,yes,High,female,20.0,2.0,1.0,29105,2300.0,B6B,S,37354,192.5265241,5587.0,A
7F448EFC49CB4C5,yes,Medium,female,52.0,1.0,0.0,36947,7826.67,4D1,C,C7F2D,109.79200890000001,4064.0,B
BFD30211C60D416,no,Medium,male,24.0,1.0,0.0,13695,6000.0,F65,S,90D8F,136.6185608,6031.0,A
D072215BC075451,no,Medium,male,52.0,1.0,2.0,110413,7965.0,698,S,A8C58,184.487056,5363.0,B
D59EEED35D0144C,yes,Premium,female,,4.0,2.0,3101281,792.5,406,S,99442,190.117479,4346.0,A
9DDF7D7DC39242A,no,Premium,female,,0.0,1.0,W./C. 6609,755.0,D9F,S,A5BF3,181.4706145,6481.0,B
908EA72192914D5,no,Premium,male,,1.0,0.0,367229,775.0,50C,Q,87A03,74.59954878,2703.0,B
E14513D930D14F5,yes,Medium,female,58.0,0.0,1.0,113783,2655.0,808,S,53261,253.62541380000002,5746.0,B
6470B0D26482492,no,Premium,male,20.0,0.0,1.0,A/5. 2151,805.0,AFC,S,649B8,54.50958371,5887.0,A
B9A7CAE408AC42E,no,High,male,,0.0,1.0,239855,0.0,F82,S,C1685,77.40073757,3649.0,B
BA189AD0142F47A,no,Premium,male,,0.0,1.0,349221,789.58,185,S,56F2E,153.094317,3758.0,B
06E8F68834FD410,no,Premium,male,,0.0,1.0,330979,782.92,342,Q,BC6BF,64.56628956,3986.0,B
18FE636D551643E,no,Premium,male,36.0,1.0,0.0,349910,1555.0,67C,S,38FA1,85.70002186,7346.0,B
4B79CE518B1D4A0,yes,Medium,female,31.0,0.0,0.0,16966,13450.0,16B,C,9D45E,117.9748338,3208.0,B
EA889054D32744A,yes,Premium,female,,0.0,0.0,330968,777.92,0D2,Q,C73D8,130.0702689,6197.0,B
4D025C2D309D4FF,yes,Medium,male,31.0,1.0,1.0,17474,5700.0,FF2,S,8964D,193.4977388,1452.0,B
795B8F0AE752467,no,Medium,female,50.0,0.0,0.0,PC 17595,2871.25,999,C,F3B75,149.5037491,3772.0,A
FBF8FA5AE2174C2,yes,Medium,male,,0.0,0.0,111163,2600.0,70F,S,D9F51,177.822067,3282.0,
2B5585AE3B9847F,no,Premium,male,28.0,0.0,0.0,349207,789.58,537,S,4058E,103.442662,1759.0,B
6A18F1189DA449B,no,Premium,female,18.0,0.0,1.0,347087,777.5,52,S,D54BF,94.83321265,5401.0,B
E86DE5A0340544D,yes,Premium,male,21.0,0.0,0.0,350034,779.58,39E,S,48722,265.3495012,4533.0,B
A48448324AE3465,yes,Medium,male,25.0,1.0,1.0,11765,5544.17,3CF,C,D5008,125.3657325,2357.0,B
FF053C988CD74CD,no,High,male,23.0,0.0,1.0,29751,1300.0,0FD,S,115EE,106.6957878,4725.0,A
DC3B7B7008C0484,no,Premium,male,,0.0,1.0,343271,700.0,F0C,S,98A43,53.44541992,1536.0,B
4676DFBD4E0B4C9,no,High,male,50.0,0.0,1.0,250643,1300.0,95B,S,504C9,128.04888200000002,6281.0,A
8D12B39A3A95493,yes,Premium,male,,1.0,1.0,2651,1124.17,943,C,11B8F,72.87977137,4867.0,B
2F73397A8283467,no,Premium,male,,0.0,1.0,376563,805.0,286,S,A5D09,128.2765513,4741.0,B
381BFD596DFF4C0,yes,Premium,male,23.0,0.0,0.0,350054,779.58,285,S,72C6B,231.00047090000004,7659.0,A
D6CD3300A9734C9,no,Premium,female,29.0,0.0,1.0,3101297,792.5,BF4,S,E953E,177.34560630000001,4419.0,B
3FE87CB4FE79425,yes,Premium,female,22.0,0.0,1.0,370373,775.0,5F1,Q,0D8DC,153.5852154,5540.0,B
A7D0C4B8B4E2495,yes,Medium,male,60.0,1.0,1.0,13567,7920.0,6AC,C,8DB62,124.29340859999999,4646.0,B
B263B196A89E4CE,no,Medium,male,44.0,2.0,0.0,19928,9000.0,459,Q,BCD29,84.27311704,3178.0,B
CA13B77DD25A42D,no,Premium,female,29.0,0.0,5.0,349909,2107.5,4B1,S,335FF,125.70905320000001,2076.0,A
B593546CCB654D6,yes,Medium,male,36.0,0.0,2.0,PC 17755,51232.92,658,C,317D5,83.16450400000001,5847.0,B
A5AAF9D772604BC,no,Premium,male,28.5,0.0,0.0,2697,722.92,65D,C,3018A,141.5070656,7564.0,B
B61D7B0793C6413,no,High,male,,0.0,0.0,237735,1504.58,214,C,6AF57,144.3174341,3889.0,A
91AD082ECD67440,no,Premium,female,24.0,0.0,1.0,349236,885.0,8B8,S,48BEE,111.68124850000001,3566.0,A
D9D96567668E48B,no,Premium,male,27.0,0.0,1.0,315083,866.25,B93,S,D84EA,144.52035990000002,4336.0,B
C717849A05FC485,no,High,male,28.0,0.0,1.0,C.A./SOTON 34068,1050.0,900,S,49B05,88.40811926,4720.0,A
69C1375B876D4E4,no,High,male,40.0,0.0,1.0,239059,1600.0,D74,S,BD7A1,94.35393782,2011.0,B
47B9116D33E8425,yes,Medium,female,54.0,1.0,1.0,36947,7826.67,13D,C,F40FF,168.64228899999998,3423.0,B
7823DEB37B684A6,no,Premium,male,29.0,1.0,0.0,3460,704.58,6C0,S,F05C0,106.7110607,5591.0,B
D7560CCCD7784DB,no,Premium,male,,1.0,1.0,2689,1445.83,51F,C,ED7E8,246.74434739999998,4568.0,B
A366C2F78BB644D,yes,Premium,female,26.0,0.0,1.0,STON/O2. 3101282,792.5,E13,S,0B871,182.27855580000002,7408.0,B
C6D0E6CBA90946C,no,High,female,18.0,1.0,2.0,250650,1300.0,8C8,S,C278E,56.31163864,7319.0,A
BB12FB2F775D4F8,no,Premium,female,30.0,1.0,2.0,345773,2415.0,89A,S,EBD43,60.65715354,5102.0,B
A6E7AABF28E34E2,no,High,male,37.0,1.0,0.0,SC/AH 29037,2600.0,442,S,0F3CD,258.59887000000003,4362.0,B
71679134791D413,yes,High,female,,0.0,2.0,C.A. 31921,2625.0,939,S,3E1D5,100.2570982,5526.0,B
532687CB63F9403,yes,Medium,female,24.0,0.0,1.0,PC 17482,4950.42,C2C,C,31074,223.2877506,5677.0,B
A9EDB7168C204F9,no,Premium,male,24.0,0.0,0.0,371109,725.0,A3C,Q,26403,199.1649131,2419.0,A
BDB55C7EF2ED435,no,Premium,male,24.0,0.0,1.0,345781,950.0,64C,S,A7D12,141.5194871,7370.0,A
F1D0465404414F1,yes,Premium,male,27.0,0.0,1.0,347089,697.5,22F,S,5.70E+79,163.064634,1515.0,A
C6C2FB9E5C3A467,no,Premium,male,18.0,2.0,3.0,W./C. 6608,3437.5,2.00E+07,S,1DF08,67.51927212,5417.0,B
2CD513C9B01141C,yes,Premium,female,,0.0,0.0,14311,775.0,773,Q,A6817,203.1073738,1877.0,A
FB90B1D67ED2451,yes,Premium,female,,0.0,1.0,349256,1341.67,F08,C,29BCE,83.35186906,7560.0,A
DEC7F28F19BA4F9,no,Premium,male,35.0,0.0,1.0,373450,805.0,2B8,S,A27AF,117.21779029999999,7816.0,A
96725343556B4F7,no,Premium,male,,4.0,1.0,3101295,3968.75,4B6,S,DDF55,128.906959,6434.0,A
66EF3030B938483,yes,High,female,28.0,1.0,0.0,2003,2600.0,F26,S,82B9B,156.54092269999998,6625.0,A
B543B4D83D704DA,no,Premium,male,,2.0,1.0,A/4 48873,805.0,E6A,S,5C727,131.7657029,7772.0,B
B3C63E9AB32048B,yes,Premium,female,33.0,1.0,3.0,C.A. 2315,2057.5,5C2,S,7F89D,,1377.0,B
DBA57BFE0FBB471,no,Premium,male,,0.0,1.0,364851,775.0,1.00E+07,Q,8AEB7,78.88686369999999,7347.0,B
E1D5F0657B1548B,no,Premium,male,,0.0,0.0,349223,789.58,BF1,S,E8F53,131.8466985,7791.0,A
368892E6142E42E,no,Premium,male,,3.0,3.0,347088,2790.0,4B4,S,DB53A,100.1472487,6289.0,B
1E5ACCA0481B47B,no,Premium,male,,4.0,3.0,347077,3138.75,A71,S,02CE7,209.85197889999998,5303.0,B
4B0ED99EABDF417,yes,Medium,male,45.0,0.0,1.0,111428,2655.0,704,S,1967E,299.8167293,,B
2CC0AB27729744F,no,Premium,male,,1.0,,2621,643.75,867,C,E9FCD,281.208965,2274.0,B
3BAC523AC0E0418,yes,Medium,male,28.0,0.0,0.0,110564,2655.0,313,S,E953A,113.49385179999999,6107.0,B
1EEE5E5DBD0B417,no,Premium,male,,0.0,1.0,394140,685.83,8F0,Q,D4A0A,186.3016794,4672.0,A
898F806196AD42D,no,High,male,36.0,0.0,0.0,SC/Paris 2163,1287.5,A2B,C,B9E80,137.5060683,2590.0,B
0BAA31A184564CA,yes,Premium,female,,1.0,1.0,2650,1524.58,511,C,E6496,111.03117759999998,7466.0,A
257396C7ACFE472,no,Premium,male,,0.0,0.0,SOTON/OQ 392082,805.0,1DB,S,288DF,125.421947,7416.0,B
A304747F86F442D,yes,Medium,female,35.0,0.0,0.0,PC 17755,51232.92,C78,C,B2199,71.96415561,5707.0,A
26E2EDC2CEB6467,yes,Premium,female,24.0,0.0,1.0,382653,775.0,8ED,Q,7E50A,167.286319,6758.0,B
1CE4707516E24A8,no,Premium,male,41.0,0.0,0.0,SOTON/O2 3101272,712.5,86,S,F2A97,145.65879030000002,1775.0,A
F0E1B769CB2640C,no,Medium,male,49.0,1.0,2.0,17421,11088.33,5AC,C,29DE3,68.31235261,2305.0,A
07886088CFA044F,no,High,female,30.0,0.0,1.0,237249,1300.0,245,S,6.94E+09,66.24726082,7204.0,A
0B7C536B0298467,no,Premium,male,24.0,0.0,0.0,349233,789.58,10F,S,EA3C7,128.2982327,5522.0,B
90363EC43B9746C,no,Premium,male,48.0,0.0,1.0,350047,785.42,5.00E+08,S,FEEB7,119.1612062,3698.0,A
BDC0A564861642B,yes,High,male,,1.0,2.0,C.A. 33112,3675.0,7AF,S,9BAF3,187.3888294,3083.0,B
C8B0E81DC5E34EA,yes,Premium,female,38.0,1.0,6.0,347077,3138.75,1F6,S,A6BAC,195.81634409999998,3290.0,A
57F3C09D109142B,yes,Premium,male,32.0,0.0,0.0,347079,777.5,282,S,22284,363.77476210000003,2471.0,B
1A8D8AFCC600403,no,Medium,male,46.0,0.0,1.0,13050,7524.17,DB0,C,7.94E+09,103.4983067,2584.0,B
6DF656E9901B476,no,Premium,male,21.0,0.0,0.0,,725.0,BE2,S,69D51,199.3810699,2755.0,B
1BE81B54F1DF46B,no,High,male,26.0,0.0,0.0,237670,1300.0,39,S,B0086,79.86032097,1392.0,B
12D59CEBD052407,no,High,male,18.5,0.0,1.0,248734,1300.0,F2F,S,9A0DD,183.67967119999997,1819.0,B
3515F26EEEFA40C,no,Medium,male,,0.0,0.0,,0.0,D04,S,91D26,111.1651654,2077.0,B
9EF8A18D10B2443,yes,Medium,female,48.0,1.0,0.0,11755,3960.0,06B,C,547A4,101.6623965,4169.0,B
A0B936489AC1401,no,Premium,female,,3.0,1.0,349909,2107.5,90E,S,84DE4,103.53959590000001,7235.0,B
FE0DA47181F2410,yes,Premium,male,,0.0,0.0,2677,722.92,5CA,C,2EEED,161.47869530000003,5847.0,A
06DFAFEE5FD0412,no,Premium,male,,0.0,3.0,C.A. 2673,2025.0,5.00E+08,S,CD439,138.417582,2914.0,A
2A55A1D1AD6444C,yes,Medium,female,,0.0,0.0,PC 17598,3168.33,74D,S,401A1,94.54046167,6031.0,A
44843EB1709D4BC,no,High,male,39.0,0.0,1.0,250655,2600.0,2.00E+06,S,E9468,140.50716730000002,4103.0,A
90AF2D64B79B4B1,no,Premium,male,29.0,0.0,1.0,7545,948.33,943,S,3.10E+97,145.5065643,2939.0,A
563E9DEDFC304E5,yes,High,female,24.0,1.0,3.0,220845,6500.0,3C1,S,AC8AB,77.5127022,5225.0,B
06B0A64C55B24F8,no,Premium,male,,1.0,0.0,370371,1550.0,594,Q,D98E1,99.77538768,4738.0,B
F21AA6E2BB3941B,yes,Premium,female,29.0,0.0,3.0,2650,1524.58,2BE,C,3AE1D,54.7801255,6657.0,A
8D77CACD87D64AD,no,Medium,male,50.0,1.0,2.0,113503,21150.0,92A,C,00B39,85.02267531,7866.0,A
939BA02CE9B144D,no,High,male,50.0,1.0,1.0,SC/AH 3085,2600.0,866,S,,85.50266557,1641.0,B
33D8A6B2F9AA45E,no,Medium,male,55.0,0.0,1.0,680,5000.0,EAB,S,ACB2A,69.36176674,3458.0,B
B17D2FF7DDD9417,no,Medium,male,47.0,0.0,0.0,110465,5200.0,CAF,S,00F96,203.05867369999999,3326.0,B
E1AF26C5FC62405,no,Premium,male,24.0,0.0,1.0,SOTON/O.Q. 3101311,705.0,7BB,S,8C2E9,168.9692802,3872.0,B
6796666B14BB4F8,yes,Premium,female,31.0,1.0,2.0,363291,2052.5,710,S,37ACC,124.6552753,5652.0,A
4E3C29C9E83F43E,no,High,male,34.0,1.0,0.0,28664,2100.0,574,S,1EDBD,181.3686783,2000.0,B
C12CD00B1F2642D,no,Premium,male,,0.0,0.0,2622,722.92,F35,C,9A446,114.0107726,4258.0,A
2D7F477FAC234D6,no,Premium,male,21.0,0.0,0.0,364858,775.0,C74,Q,69FC4,146.1576315,4442.0,A
356AA3FF91D94F7,yes,Premium,female,,1.0,2.0,347742,1113.33,4FB,S,B7466,143.0091351,2370.0,A
ACF24761253F48B,no,Premium,male,24.0,1.0,0.0,376566,1610.0,F20,S,1B88C,82.27218926,2087.0,B
79BEC28458BF40B,no,Premium,female,,0.0,1.0,364498,1450.0,BAE,S,D4F01,102.6005679,3472.0,B
8F05D0ECFE5F49C,yes,Medium,female,36.0,0.0,3.0,WE/P 5735,7100.0,F7B,S,0C551,85.86192518,2953.0,B
DE982472E769439,yes,Premium,female,,1.0,1.0,2625,851.67,688,C,E7ECE,78.91917429,7133.0,B
8F12EA8ADA84422,yes,Premium,male,,2.0,1.0,367226,2325.0,E81,Q,A8AE5,55.7115934,4380.0,B
B23AA340E3A04DF,yes,Medium,female,,0.0,1.0,17770,2772.08,879,C,2E0D4,111.81024620000001,2606.0,B
E2938C866023494,yes,Medium,male,,1.0,3.0,113760,12000.0,9AA,S,58EE6,209.8464122,6990.0,A
3A9C52F8A32046F,no,Premium,male,,8.0,3.0,CA. 2343,6955.0,632,S,57AE7,54.13975986,2401.0,A
D56B810BF67F47C,yes,Medium,female,52.0,1.0,1.0,12749,9350.0,292,S,C729F,95.65897612,7208.0,A
E218D671AA354ED,yes,Premium,female,,0.0,1.0,9234,775.0,1D9,Q,A87EA,74.67707425,1651.0,B
DC46A74DAD2F404,no,Premium,female,,0.0,0.0,365237,775.0,41A,Q,4FD4F,125.2894767,4885.0,B
FB7DB69F3E0F4BF,no,Medium,male,36.0,0.0,1.0,13050,7524.17,79D,C,D4B06,68.47264649,4721.0,A
142EB557729842D,yes,Medium,female,33.0,0.0,1.0,113781,15155.0,81F,S,B690A,97.78280441,7695.0,A
34A9FCD74E1D48D,no,Premium,male,,0.0,0.0,323592,725.0,8EE,S,6C7E8,67.27467542,5853.0,B
E9EE56362E96440,no,Premium,male,,0.0,1.0,349235,789.58,3FE,S,192EB,128.8173509,2984.0,A
A0525DC64D8447E,yes,High,female,42.0,1.0,0.0,SC/AH 3085,2600.0,8DE,S,4C0E7,178.82971469999998,2400.0,A
DDF8AA1BB0514E3,no,Premium,male,44.0,0.0,1.0,371362,1610.0,88A,S,83DAA,80.72428588,4363.0,B
096BE9FCF408443,no,Premium,male,25.0,0.0,1.0,2672,722.5,7F8,C,64FC2,123.0468888,1975.0,B
21A4AC66ED1B4A8,no,Medium,male,39.0,0.0,0.0,PC 17580,2970.0,4CD,C,7FACF,238.92140690000002,5466.0,A
4FB23A1EA0B0475,yes,High,female,48.0,1.0,3.0,220845,6500.0,04E,S,4011F,104.4177738,5484.0,B
E915D2F2863B474,no,Premium,male,20.0,0.0,1.0,,705.0,85,S,A167C,102.07690799999999,3416.0,B
0A6688D5586A475,yes,Medium,male,,2.0,3.0,PC 17608,26237.5,9FF,C,3C29F,217.525608,5701.0,A
4171127E57CF431,yes,Medium,female,18.0,1.0,0.0,13695,6000.0,FCF,S,BB83E,234.6401964,6698.0,A
9FBAB0FE94A5484,no,Medium,male,27.0,0.0,3.0,113503,21150.0,1D7,C,D6CCF,93.7028198,3244.0,B
9761BB899A84486,yes,Premium,male,32.0,0.0,1.0,350417,785.42,FF8,S,89CE9,184.7010094,2019.0,B
73AB08672CCF453,no,Premium,male,21.0,0.0,0.0,A/4 45380,805.0,686,S,2186D,59.68221502,5541.0,A
00FACFCFE0DB4D8,yes,Premium,female,26.0,1.0,1.0,315153,2202.5,D45,S,3.00E+01,238.5287484,2581.0,A
517F0EF8F326428,no,Premium,male,21.0,0.0,1.0,54636,1610.0,2EE,S,967F8,116.2366275,4202.0,A
5788112127EB444,no,Premium,male,43.0,0.0,1.0,349226,789.58,99B,S,02ED1,125.942131,2535.0,A
74D83055E6C844C,yes,Premium,male,45.0,0.0,0.0,7598,805.0,7.00E+06,S,13794,162.48296069999998,5264.0,B
32E993A2CF16426,no,Premium,male,61.0,0.0,1.0,345364,623.75,289,S,0.00E+00,209.39964640000002,5298.0,A
F767D18A84D1488,yes,Medium,female,,1.0,1.0,17474,5700.0,A37,S,5471B,216.1022486,2685.0,A
3FC5DDF4591A49E,no,Premium,male,,0.0,1.0,347074,777.5,CF1,S,11009,82.95798938,4533.0,A
56B1D77C529C4D0,no,Premium,male,44.0,0.0,1.0,364511,805.0,4A8,S,655A7,124.7345135,6764.0,B
9FBF7BDCD30D4D8,yes,Premium,female,23.0,0.0,0.0,347469,785.42,898,S,0A582,69.47095340000001,5314.0,B
73F3267488A74F6,no,Premium,male,39.0,0.0,2.0,2675,722.92,296,C,32456,109.59625279999999,2481.0,B
DAF64644E0B5488,yes,Medium,male,42.0,0.0,0.0,PC 17476,2628.75,A78,S,67546,74.56138197,4881.0,A
5E716CCBCD5E4A5,yes,Medium,male,21.0,0.0,2.0,PC 17597,6137.92,114,C,87601,130.5310767,1726.0,A
4966C70A1F3C413,no,Premium,male,,0.0,0.0,372622,775.0,FF5,Q,C7B0D,110.71414170000001,4754.0,A
DD843EBD0A5745C,yes,Medium,female,27.0,1.0,3.0,F.C. 12750,5200.0,F8A,S,48387,81.59167042,5731.0,B
B59E174B5A2742E,no,High,male,26.0,0.0,0.0,31028,1050.0,407,S,CF438,186.44949580000002,7271.0,B
557E73BF7C764D8,no,High,male,39.0,0.0,1.0,248723,1300.0,104,S,F0362,150.01394530000002,1857.0,A
11ECE3D2829F495,no,Premium,female,31.0,1.0,1.0,345763,1800.0,5AF,S,37D15,83.80552808,7512.0,A
90B8227DE1294B2,yes,Medium,female,25.0,1.0,0.0,11765,5544.17,58E,C,A6D38,307.95725469999996,4136.0,B
7205F61EF6A5482,yes,Medium,female,39.0,1.0,0.0,13507,5590.0,635,S,FB21A,55.3047941,3538.0,B
4647943FEA114A0,no,Premium,male,34.0,0.0,1.0,363294,805.0,95A,S,C6B75,,6771.0,B
8AF05906BDCB45D,no,Premium,female,,1.0,3.0,W./C. 6607,2345.0,20D,S,19D22,81.13423434,6675.0,B
CB6EC2CFBC884A2,no,Premium,male,23.0,0.0,0.0,7267,922.5,A23,S,66AB6,151.09570730000002,6767.0,A
DD73F3DD33244ED,no,Premium,male,27.0,0.0,0.0,350408,785.42,7D2,S,95CEF,217.0294817,6827.0,B
A35D0FA78999440,no,Premium,female,,4.0,3.0,347082,3127.5,7F4,S,F55EE,78.2726106,2828.0,A
F53D5C2C607748B,no,Premium,male,40.5,0.0,1.0,367232,775.0,85A,Q,A745B,70.87765253,5658.0,B
A3CD1F67D9DF49C,yes,High,male,62.0,0.0,0.0,S.W./PP 752,1050.0,7A0,S,3968C,172.3959502,4918.0,B
9F0BF428492D454,no,High,male,30.0,0.0,1.0,250646,1300.0,8B2,S,753C9,54.26461399,6127.0,A
54E20B7F5F1C4C4,no,Premium,male,26.0,1.0,0.0,2680,1445.42,117,C,893F0,75.1748586,7178.0,B
308BC926E7844B0,yes,Premium,male,,1.0,1.0,2650,1524.58,40,C,31F01,68.02399065,4238.0,B
3FC72734D168464,no,High,male,26.0,0.0,0.0,248659,1300.0,3A1,S,13724,82.79115209,1349.0,A
F35EECD5042D405,no,Premium,male,,0.0,0.0,A4. 54510,805.0,1.00E+02,S,C6BA4,97.28438719,2965.0,B
98CD9ADF688148C,yes,Medium,female,64.0,0.0,3.0,PC 17756,8315.83,3F6,C,ED7AB,188.26313280000002,4193.0,B
5F3403D97F764BC,yes,Premium,female,,0.0,0.0,342712,805.0,A7C,S,2.69E+10,56.53542289,6567.0,A
9CDC5F2D380F4F3,no,Premium,male,,0.0,1.0,315090,866.25,911,S,A4E3B,104.6658561,2717.0,B
0D1D1405DF724FA,no,Premium,male,36.0,0.0,0.0,349247,789.58,66D,S,34FBB,169.1524439,3554.0,A
249385F3AFBB4A5,no,Premium,male,42.0,0.0,0.0,C.A. 5547,755.0,373,S,DA24D,157.38015080000002,5663.0,A
EFA4C8C975E9490,no,Premium,male,,0.0,1.0,315095,866.25,ECE,S,EF13E,78.56568731,7006.0,A
A2CC78E3D3B3407,yes,High,female,,0.0,1.0,248727,3300.0,C17,S,40131,170.18028969999997,5012.0,A
21CD644D3EE3409,no,Premium,male,,4.0,2.0,3101295,3968.75,7A6,S,1DE6A,255.3791204,6471.0,B
9044BC863E934F0,no,Premium,female,,8.0,2.0,CA. 2343,6955.0,33E,S,A0939,228.62517400000002,2829.0,B
A86F014BF9C94B8,yes,Premium,female,,0.0,0.0,330959,787.92,E83,Q,31323,69.39914745,4319.0,B
7180E088F276460,no,Premium,male,,4.0,2.0,382652,2912.5,40C,Q,63D72,131.0742514,1943.0,A
0EF1290864DB478,yes,Medium,female,33.0,0.0,1.0,110152,8650.0,2DF,S,37CAC,145.05059730000002,3841.0,B
6F4CA06FEEF34D7,no,Premium,male,,0.0,0.0,2699,1878.75,B78,C,56F99,108.37122250000002,2644.0,A
FEAE247C0676468,no,Premium,male,,1.0,1.0,2695,722.92,CC1,C,9BC29,63.46886031,6104.0,B
997C1CC7BDD24F7,no,High,male,21.0,0.0,1.0,S.O.C. 14879,7350.0,4A0,S,5976C,202.8931285,2926.0,A
A9CA91D85D8A4FA,no,Premium,male,26.0,0.0,1.0,347075,777.5,0D3,S,F5AE3,53.08948084,3293.0,B
2.27E+14,no,Premium,male,30.0,0.0,1.0,349246,789.58,9.00E+01,S,81417,225.3003481,3525.0,B
8EB34DDB3992491,no,Medium,male,39.0,1.0,0.0,PC 17599,7128.33,54,C,BF61D,128.9785725,5506.0,B
D621766B0CDC40A,no,Premium,male,,0.0,1.0,349222,789.58,47C,S,4079C,106.56635349999999,1805.0,B
69C97B762556431,yes,High,female,29.0,1.0,0.0,26707,2600.0,803,S,688B4,52.04456194,5058.0,A
82B9694FCFA64D3,yes,Medium,female,,0.0,2.0,111361,5797.92,7C2,C,1B336,227.26201890000002,5904.0,B
FE675A5227DD454,no,Premium,male,,0.0,0.0,349225,789.58,00C,S,1.40E+01,156.74166,6390.0,A
DE907F9A3A0D4CC,no,High,male,19.0,0.0,1.0,28665,1050.0,B1E,S,5F938,152.99181330000002,6511.0,A
467839227F4E49E,no,High,male,,0.0,0.0,SC/PARIS 2131,1505.0,1.00E+09,C,7C376,194.0068045,5198.0,B
51BD4C287B1B4EA,yes,Premium,male,27.0,0.0,1.0,350043,779.58,646,S,122B7,92.18133265,7264.0,A
6459DC82EFBF434,yes,High,male,34.0,0.0,1.0,248698,1300.0,413,S,E6EED,238.09883109999998,4093.0,B
F0E5CD17A2E64BA,no,Medium,male,30.0,0.0,1.0,113801,4550.0,58,S,1426D,98.53289619,4325.0,B
1A26093E84E3455,no,Premium,male,,0.0,3.0,347080,1440.0,1FE,S,1E2F3,241.740191,7870.0,A
F27A2989E4714C0,no,High,female,,0.0,1.0,F.C.C. 13534,2100.0,,S,7DDDB,256.11476650000003,3940.0,A
18C3AC3F467244F,no,High,male,,0.0,1.0,220845,6500.0,533,S,7C719,165.45851069999998,7331.0,A
3BC83874883142E,no,High,male,35.0,0.0,1.0,28206,1050.0,EF9,S,A32F2,179.151759,2569.0,B
07545E3B979B45E,no,Premium,male,,4.0,3.0,347082,3127.5,285,S,2DDA9,250.4284511,1972.0,B
F128C0EF74384DB,yes,Medium,female,54.0,1.0,2.0,33638,8185.83,734,S,C6FDF,154.5693989,4302.0,B
02A4B30B3D1D4F1,no,Medium,male,33.0,0.0,0.0,695,500.0,86,S,9B001,93.65608994,4534.0,B
9239B165CF6846F,no,Premium,female,26.0,0.0,2.0,SOTON/O.Q. 3101315,1377.5,546,S,DFCCE,140.594933,2133.0,B
DC4FAC7E7FA24A1,no,Premium,male,,0.0,1.0,A/5 2817,805.0,E57,S,B2FE4,102.65916419999999,5744.0,A
E6F8E33BCC69404,no,Premium,female,22.0,0.0,0.0,7553,983.75,9BA,S,5766A,152.0848794,4513.0,B
9009E6E6B7C948F,no,Premium,male,22.0,0.0,0.0,2669,722.92,42B,C,19F0F,146.6882323,1483.0,B
5DDD2A35F912456,no,Premium,male,,4.0,1.0,3101295,3968.75,AF4,S,A57EC,117.9554656,1516.0,B
E9734C1DB8B34A7,yes,High,female,41.0,0.0,1.0,250644,1950.0,900,S,F6046,129.0898264,7413.0,B
7AF493A2CD8E4FA,no,Premium,male,,8.0,3.0,CA. 2343,6955.0,6EC,S,12816,99.69266861,4688.0,A
20615102556D46C,yes,Premium,female,,0.0,1.0,3101298,1228.75,820,S,ACA36,128.5324085,1302.0,A
3B9737D697A449E,no,Premium,female,22.0,0.0,0.0,7552,1051.67,02E,S,7EECA,117.31023049999999,4764.0,B
EE278C38939A45B,yes,Medium,female,19.0,0.0,2.0,11752,2628.33,BCF,S,96D28,95.22992021,3467.0,B
4436EB1F99B14C8,no,High,male,34.0,1.0,1.0,31027,2100.0,70F,S,AD413,107.92931029999998,1721.0,B
EC04F481FC8E4CB,no,Medium,male,46.0,0.0,1.0,PC 17585,7920.0,AB3,C,14F03,78.6102982,1257.0,A
988C2435F0DE4F7,yes,High,female,40.0,0.0,1.0,31418,1300.0,9EF,S,99EE6,145.26126969999999,3770.0,B
48DAAFDB22DB47D,yes,Medium,male,36.0,0.0,0.0,PC 17473,2628.75,D9E,S,A5A17,132.5020001,6913.0,A
EF6A45689A4D47F,no,Premium,male,,0.0,1.0,2671,722.92,EC0,C,53291,134.2646003,5203.0,B
C43D78A4A19747F,no,Premium,male,50.0,1.0,0.0,A/5. 3337,1450.0,383,S,E4603,116.1111011,1375.0,B
FE5E35C20C7D4DA,no,Premium,male,,0.0,1.0,358585,1450.0,608,S,4.00E+60,85.84950113,2203.0,A
A5207A7AAF43477,yes,Medium,female,45.0,0.0,1.0,PC 17608,26237.5,691,C,4C479,77.05617308,3523.0,B
49FE32801AE2451,yes,Premium,female,,0.0,0.0,370370,775.0,8DB,Q,CC7F7,63.45047105,2074.0,B
F6C820564AA7495,no,Premium,male,20.0,0.0,1.0,315094,866.25,456,S,0329B,201.64028369999997,6523.0,A
98FFDE62E3964B6,yes,Medium,female,36.0,0.0,0.0,PC 17608,26237.5,874,C,5650,207.13072319999998,7768.0,B
EA33697095194F2,yes,Medium,female,19.0,1.0,1.0,11967,9107.92,21D,C,C9AA3,276.6426563,6854.0,A
613DF0DAE57441A,no,Premium,female,,0.0,0.0,364856,775.0,837,Q,7702B,105.0509888,2999.0,A
9F2EAB9E2E3A427,yes,High,female,45.0,0.0,2.0,237789,3000.0,C9E,S,7B54C,136.29657619999998,7709.0,B
7E06460FF2DA47F,no,High,male,24.0,0.0,0.0,233866,1300.0,DF3,S,CA2EA,139.6271843,6414.0,B
0BDD547191164A6,no,High,male,24.0,0.0,1.0,248726,1350.0,BE5,S,26BB0,133.3189523,5999.0,A
76AD01A2BD7942E,no,High,female,57.0,0.0,1.0,S.O./P.P. 3,1050.0,896,S,0D43F,241.46604700000003,6806.0,A
492F3D4311D74C5,no,Premium,female,27.0,0.0,0.0,330844,787.92,56,Q,AECB2,57.91493119,5409.0,B
1D5AD2024DBB471,no,Medium,male,47.0,0.0,0.0,36967,3402.08,17E,S,ECAED,115.9208125,7286.0,A
2A4CF94CA7514E8,yes,High,male,32.0,1.0,1.0,2908,2600.0,B84,S,8635A,120.8616686,3543.0,A
3D16104ADA5F4AE,yes,High,female,19.0,0.0,1.0,28404,1300.0,612,S,D70F3,68.77820358,5906.0,B
6B2293B1A44141B,no,High,male,29.0,1.0,1.0,11668,2100.0,FFB,S,DD33C,249.25906899999998,4272.0,B
BD195AAAA5BA4BB,yes,Medium,male,30.0,1.0,0.0,13236,5775.0,B82,C,3A9F6,138.6536094,2907.0,B
2CBD17C2B829490,no,Medium,male,61.0,0.0,1.0,36963,3232.08,6D4,S,9F37D,99.4254855,3897.0,B
DBF5783EC488477,no,Medium,male,45.0,1.0,0.0,36973,8347.5,E24,S,F511C,148.9991249,6106.0,B
CD794AE9A0794AE,yes,Medium,female,32.0,0.0,1.0,11813,7629.17,790,C,8D424,162.9877644,1787.0,A
B73AA87FC880490,no,Medium,male,64.0,1.0,0.0,110813,7525.0,CB1,C,9438A,74.25205677,5537.0,B
93DFBAFDE6574A0,no,Premium,male,,0.0,1.0,374746,805.0,227,S,EC5EF,69.27794314,7769.0,B
EC194D8D205A402,no,Premium,male,42.0,0.0,1.0,315088,866.25,84D,S,D6FDF,154.4918185,7216.0,A
8A7CBFB13811490,yes,Premium,female,,1.0,1.0,386525,1610.0,3FB,S,74BE1,185.5759198,2913.0,A
4E02102D3D76478,yes,High,female,,0.0,1.0,248727,3300.0,18,S,596BF,157.49535600000002,3149.0,B
86754AA3F73C4AA,yes,High,female,24.0,0.0,2.0,250649,1450.0,70,S,7E4E6,176.79643180000002,2087.0,A
33F437ADB8854FD,no,Premium,male,,1.0,0.0,386525,1610.0,56B,S,5CF2E,165.3796679,4406.0,B
FE82429B40354A4,no,Premium,male,,1.0,1.0,367227,775.0,615,Q,F3579,129.5946893,3602.0,B
AD9C60321A5D4EB,no,High,male,31.0,0.0,1.0,C.A. 18723,1050.0,A93,S,33327,185.09568059999998,3323.0,A
CA249ABE7D4E43C,yes,Medium,female,,1.0,0.0,PC 17611,13365.0,57E,S,E4391,101.9243247,1534.0,B
1AD9A2B4899C4D7,no,Premium,male,20.0,0.0,1.0,2679,722.5,38,C,D8B2E,78.77307544,1968.0,A
FC69C7A64DE0467,no,Premium,male,,5.0,3.0,CA 2144,4690.0,D44,S,B1663,185.6659773,5819.0,B
A3192F9994C448F,no,Premium,male,,0.0,1.0,349215,789.58,68E,S,1677D,,5060.0,B
309837BADC1C477,no,Premium,male,,2.0,1.0,2662,2167.92,0.00E+00,C,DF50C,135.76202609999999,5147.0,B
3FCFB49CFC814CA,no,Premium,male,,8.0,2.0,CA. 2343,6955.0,B87,S,6E0BF,118.11363770000001,4550.0,A
C3C2D89EB3384CE,yes,Premium,male,,0.0,0.0,368783,775.0,A53,Q,65EED,110.4421187,2406.0,A
C275791942724E6,yes,Medium,male,48.0,1.0,1.0,19996,5200.0,1A6,S,6694B,128.87356409999998,6663.0,A
D214F0FDF60D463,no,High,male,34.0,0.0,1.0,12233,1300.0,840,S,218DF,135.053997,6966.0,B
DF7EF84080B6450,yes,Premium,female,,0.0,1.0,2626,722.92,CFD,C,AC223,90.07832287,7755.0,A
57F238CB903249C,no,High,male,33.0,0.0,0.0,SCO/W 1585,1227.5,F76,S,732C5,62.02029640000001,2942.0,B
6B7F01A6BB1F459,no,High,male,21.0,0.0,0.0,29107,1150.0,921,S,FD4A4,108.95770870000001,3799.0,B
BAFC8F4B8529458,no,Premium,female,24.0,0.0,1.0,368702,775.0,47B,Q,544D2,131.3718694,7565.0,A
61D00AF19F82495,no,Premium,male,24.0,0.0,0.0,349911,777.5,773,S,7C409,145.4823907,6842.0,B
DA9B8B1749EB4B7,yes,Premium,female,36.0,1.0,1.0,345572,1740.0,E09,S,FC996,109.16215259999998,1863.0,B
9E50049A3FC1420,no,High,male,,0.0,0.0,239865,2600.0,CFB,S,9636F,120.5801558,5311.0,B
6DFD4F32025C4C6,no,Premium,male,,0.0,0.0,36568,1550.0,F4F,Q,F38DE,71.5170845,6900.0,B
E9A60D32354D400,no,Premium,male,27.0,0.0,0.0,349229,789.58,7B8,S,47F72,100.465537,3882.0,B
2570BCC8C4C3421,no,Premium,male,,0.0,1.0,C.A. 49867,755.0,0.00E+00,S,6801A,145.41224499999998,3523.0,B
03FF55052BAC46D,yes,Medium,male,,0.0,0.0,PC 17607,3960.0,330,S,5E328,171.5972198,4028.0,A
23216936433C419,no,Premium,male,19.0,0.0,1.0,347069,777.5,833,S,E1BD0,88.80059677,5839.0,B
6EF2BB5847A4409,yes,High,female,27.0,1.0,1.0,SC/PARIS 2149,1385.83,AE0,C,A6A02,136.30723659999998,3777.0,A
6DD9B0C20D044EE,no,High,male,18.0,0.0,1.0,29108,1150.0,5A6,S,5ADB3,173.54505759999998,1494.0,B
3B2119EF9AF3476,no,High,male,23.0,0.0,0.0,233639,1300.0,A8F,S,81B35,127.5645335,4606.0,B
7AC9AE6F33C54E1,no,Premium,male,22.0,0.0,1.0,350045,779.58,319,S,2A578,197.165895,6398.0,B
EB277CCF1471460,yes,Medium,female,33.0,1.0,1.0,113806,5310.0,975,S,,86.18042913,2192.0,A
A269DD650EF942C,yes,Premium,male,21.0,0.0,1.0,330920,782.08,15E,Q,4D68E,132.2551052,7288.0,B
E4E07D36A58349E,yes,High,female,30.0,1.0,0.0,SC/PARIS 2148,1385.83,A80,C,2BCAB,146.78119569999998,6564.0,B
8DD730EF690C451,yes,Medium,male,40.0,0.0,0.0,112277,3100.0,D85,C,64F38,88.35135458,3808.0,A
3F05B4A0E6B044A,no,Premium,male,32.0,0.0,1.0,349242,789.58,B6C,S,BDA39,220.42040580000003,2417.0,B
51CBA81666674C9,yes,Medium,female,24.0,0.0,1.0,11767,8315.83,2BE,C,C14D6,78.049807,6049.0,A
DBC44B653B5D400,no,Premium,male,26.0,1.0,0.0,350025,785.42,8A5,S,BEC54,176.7366767,4179.0,B
FA9B6C2B73484DB,yes,Premium,male,,0.0,1.0,2625,851.67,E8B,C,1028D,130.94834450000002,2700.0,B
13A05EBD438A4A3,yes,Premium,male,,0.0,1.0,383162,775.0,6CB,Q,9B0E9,90.09934943,5485.0,B
59229A7A101F42E,no,Premium,male,,0.0,0.0,315037,866.25,07D,S,CA350,90.08604159,6959.0,A
7C08B22018B14C2,no,Premium,male,33.0,0.0,0.0,349239,866.25,79C,C,8CFBD,166.65231519999998,5902.0,B
9626C1E75A754A4,no,Premium,male,,1.0,0.0,370365,1550.0,CD2,Q,98FD2,127.2565134,4333.0,A
71EBCC9F41C2439,no,Premium,male,,0.0,1.0,C.A. 42795,755.0,DC6,S,F49B7,63.68814554,6037.0,A
9935278836B94A7,no,Premium,male,32.0,0.0,0.0,8471,836.25,C52,S,4566A,61.74372129,4896.0,A
706AD7B5614D498,no,Premium,male,22.0,0.0,1.0,349252,789.58,C8F,S,91345,62.97367951,3221.0,A
074B66A3B9F2426,yes,High,female,45.0,0.0,1.0,,1350.0,8.00E+06,S,DF9E0,155.6455486,3849.0,B
A382C649CDC642D,yes,Premium,female,24.0,0.0,3.0,PP 9549,1670.0,E66,S,45517,54.31929118,7453.0,A
84CD00E839D7447,yes,High,female,24.0,1.0,2.0,220845,6500.0,CED,S,F41FD,52.12412374,6091.0,A
731EFA91D9B8423,yes,Medium,female,56.0,0.0,1.0,11767,8315.83,8.00E+02,C,74C36,181.6312796,1892.0,B
CE663F6D02FA48F,no,Medium,male,45.0,0.0,0.0,113050,2655.0,249,S,28A50,117.51301629999999,5050.0,B
912E4AB97B2B43D,no,Premium,male,25.0,0.0,0.0,349203,789.58,49C,S,918A7,73.3133022,2160.0,A
A2A0DC541977473,no,Medium,female,,1.0,3.0,113781,15155.0,DB4,S,1.36E+06,154.82112959999998,1852.0,A
1BFE57E5EB1548E,no,Premium,male,,0.0,1.0,334912,773.33,DE3,Q,9D11D,131.8825601,6930.0,A
114B8B7CCAEA445,no,Premium,male,,1.0,1.0,SOTON/O.Q. 3101315,1377.5,9B1,S,61A42,153.33198190000002,5000.0,A
07BD143D8A56490,yes,Premium,female,,2.0,1.0,2666,1925.83,85,C,63B96,123.06309329999999,4162.0,B
5512A958C8AE4A8,no,Premium,female,39.0,1.0,5.0,347082,3127.5,379,S,36010,104.82366929999999,6725.0,B
D30E12E5F9564F7,yes,Premium,female,,0.0,0.0,35852,773.33,534,Q,3A23D,77.29970756,2799.0,A
819C41811BA04F1,no,Premium,male,35.0,0.0,0.0,349230,789.58,70,S,13DF9,166.7180486,7220.0,A
7809C4B8870D4A8,no,Premium,male,,0.0,0.0,383121,775.0,ADF,Q,D8478,105.7122128,5670.0,B
80A2B213DFF74D5,no,Premium,male,33.0,0.0,1.0,7540,865.42,41B,S,2F5F3,133.8932015,2160.0,B
086977DE7B7C466,no,Premium,male,26.0,0.0,1.0,349248,789.58,B86,S,9989,68.53421185,2576.0,B
3C158CDF57B7415,no,High,male,52.0,0.0,0.0,250647,1300.0,875,S,4F46E,94.82637224,4914.0,B
A138F82CA22F466,yes,Premium,male,,0.0,1.0,392096,1247.5,E94,S,FC792,125.1278334,2870.0,A
BC7F5AD90EDD494,yes,High,female,40.0,0.0,1.0,C.A. 33595,1575.0,BE6,S,9BA7A,231.34109530000003,5616.0,B
86E4756D4749428,yes,Premium,female,27.0,0.0,2.0,392096,1247.5,0AF,S,653B8,65.3910704,6872.0,A
DD000AEBEE1645A,yes,High,female,25.0,1.0,1.0,237789,3000.0,ACE,S,35945,225.6153515,2153.0,A
7339350FB6514AD,no,Premium,male,19.0,0.0,1.0,349231,789.58,EF2,S,FA785,67.85560719,5560.0,B
7D4B744CB118418,no,Premium,male,51.0,0.0,1.0,21440,805.0,CEE,S,7DB8B,147.95828319999998,1941.0,A
3A1C0EF99C4142F,no,Premium,male,51.0,0.0,0.0,347743,705.42,EB2,S,6DBFB,341.0306022,7751.0,B
C44F7460CF8442C,yes,High,male,19.0,0.0,0.0,SW/PP 751,1050.0,254,S,F4567,186.6910941,7581.0,B
FEADBE9E07E943E,no,High,male,35.0,0.0,1.0,233734,1235.0,C82,Q,1F41D,145.8575687,3273.0,A
59273C9523B94F0,no,Premium,male,19.0,0.0,0.0,LINE,0.0,EB6,S,FA978,178.4601816,7885.0,A
BCBD17EB72024FC,no,Medium,male,58.0,0.0,0.0,11771,2970.0,AA3,C,10956,76.50126198,4984.0,A
0D411F4BAA344C4,yes,Medium,female,23.0,1.0,1.0,35273,11327.5,2D8,C,9C327,91.57736781,6192.0,B
82E767D688F34DA,no,Premium,male,28.0,0.0,1.0,350042,779.58,27E,S,71D33,108.1691466,3188.0,B
E826D03117DF4E1,yes,Premium,male,,1.0,1.0,2661,1524.58,85,C,86053,62.47023255,4041.0,B
94C76333E8304A9,yes,High,female,28.0,0.0,0.0,237668,1300.0,79A,S,1F32D,67.77693634,3339.0,A
D8658A2A382A4F9,no,Premium,male,,0.0,0.0,A/4. 34244,725.0,2,S,09DFE,150.8966708,2501.0,A
BF3CA3ADBD9F442,no,High,male,21.0,1.0,1.0,28134,1150.0,E09,S,0B17A,91.19385186,5870.0,A
93F7F6DEB77D4B7,yes,Premium,female,,0.0,1.0,367231,775.0,57,Q,C0362,116.47185230000001,2100.0,A
A2C6D871885244C,no,Premium,male,18.0,0.0,0.0,350036,779.58,531,S,AEC1D,92.66155854,7223.0,A
756B268A719342E,no,Premium,male,30.0,0.0,1.0,A.5. 18509,805.0,1A0,S,90823,116.55121000000001,6215.0,B
AB420F29E26D4BE,no,Premium,female,40.0,1.0,1.0,7546,947.5,A9F,S,D8894,84.28768678,3002.0,A
1D1912B9098A448,no,Premium,male,25.0,1.0,1.0,349237,1780.0,110,S,7757E,179.34867749999998,6407.0,A
32A600E1F9614FD,yes,High,female,31.0,0.0,1.0,CA 31352,2100.0,5F0,S,7C407,125.10084850000001,4064.0,B
4B98367817FC47E,no,Premium,female,,2.0,3.0,W./C. 6608,3437.5,215,S,95D30,119.9215168,7408.0,A
12125A746B1F41B,no,Medium,male,37.0,0.0,1.0,PC 17596,2970.0,9FE,C,578CA,71.86154084,7859.0,B
3E7CB3E2535342D,no,Premium,male,,0.0,0.0,371060,775.0,7F8,Q,66E2B,104.52306390000001,3668.0,B
6B376E1A26E5472,no,Medium,male,,0.0,1.0,PC 17600,3069.58,308,C,F9B75,199.4708331,7136.0,B
85CFD827D39C4E4,no,Premium,male,,3.0,2.0,4133,2546.67,0FF,S,896B1,58.77801972,5573.0,B
3C15CA99C3E7446,yes,Medium,female,,1.0,1.0,19996,5200.0,8AF,S,4C274,102.1589084,5711.0,A
3A6E70C61F8B42D,yes,Premium,male,31.0,0.0,1.0,STON/O 2. 3101288,792.5,7F3,S,839D7,253.8709924,5139.0,B
3BF3D98A66FA40B,no,Premium,male,,3.0,1.0,349909,2107.5,205,S,C8A9B,88.04027491,2204.0,A
500CB6F9A2404A0,yes,Premium,male,20.0,0.0,0.0,2663,722.92,D77,C,97EAF,74.85667923,5457.0,B
920616D5B7064C2,no,Premium,male,,0.0,1.0,SOTON/OQ 392086,805.0,E16,S,A7502,84.62376477,6317.0,A
F12BECF583C9421,no,Premium,male,22.0,0.0,0.0,347065,777.5,C55,S,16383,216.46215800000002,2516.0,B
35353AFC84B540B,yes,Medium,female,28.0,3.0,2.0,19950,26300.0,06F,S,A8C0F,79.65020408,3348.0,B
8805D5D861FE4D1,no,Premium,male,18.0,1.0,1.0,350404,785.42,7F9,S,D4263,76.82219403,4355.0,B
2D57510EFCEE4FE,no,Premium,male,40.0,1.0,5.0,347088,2790.0,3AB,S,AEBEE,173.8914475,6931.0,A
A18E086CABD8415,no,High,male,28.0,0.0,1.0,SC 14888,1050.0,4EC,S,F58B5,,3912.0,B
78102C41AE15461,no,Medium,male,,0.0,1.0,113059,4710.0,5AC,S,3E5CF,129.41457749999998,4902.0,A
9C83D7FF7C4A428,yes,Premium,female,22.0,1.0,1.0,3101298,1228.75,B76,S,058BA,242.7037934,7495.0,B
02ECD27311C0418,no,Medium,male,45.5,0.0,0.0,113043,2850.0,79B,S,51541,219.08924059999998,3199.0,B
4905E9B76CC7451,no,Medium,male,36.0,0.0,1.0,13049,4012.5,10D,C,CCA4A,267.53451129999996,1864.0,B
8F598BDF15CD45D,yes,Premium,female,,0.0,3.0,2653,1574.17,CF8,C,C5171,83.7795054,1260.0,A
6AFA5D80F2CB408,yes,Premium,male,,1.0,2.0,C.A. 37671,1590.0,0B1,S,3BCDA,180.0131668,7639.0,B
856393CA8E15409,yes,Medium,male,,0.0,3.0,17421,11088.33,246,C,299D4,71.85133635,2646.0,B
6FC632CEB21B456,yes,High,male,,0.0,1.0,244373,1300.0,59F,S,37D9F,50.12573864,4405.0,B
E7E3D07843A041E,no,Medium,male,54.0,0.0,1.0,17463,5186.25,D18,S,82B54,126.25391499999999,7873.0,A
6A3A2017342E4A6,no,Premium,male,,0.0,0.0,2681,643.75,2F7,C,E0FC2,105.48834380000001,5431.0,B
4669F129273C41C,no,High,male,,0.0,0.0,239853,0.0,B02,S,58287,119.1688874,7642.0,B
2E45AE56385147A,no,Premium,male,,1.0,2.0,C.A. 2673,2025.0,FA9,S,A09B7,113.96668090000001,2457.0,A
8E6B0807AD104D7,no,Premium,male,23.0,0.0,0.0,,705.0,AE3,S,C0B81,94.69662644,6896.0,B
E3328B67858341C,no,Medium,male,,0.0,0.0,113778,2655.0,6C1,S,E753A,89.29926333,2277.0,A
4601ED2985864F6,no,Premium,male,25.0,0.0,1.0,374887,725.0,06D,S,A5B7F,119.58162079999998,1340.0,B
FD44BF0A6757404,no,High,male,,0.0,1.0,S.O.C. 14879,7350.0,BC4,S,6FA11,124.2785578,7357.0,A
891F4C60A617408,yes,Premium,female,,0.0,0.0,35851,773.33,EDE,Q,00EE6,85.06224978,5457.0,B
710DB020BC884A2,yes,Premium,male,,0.0,0.0,367228,775.0,99B,Q,39A34,56.22154325,5612.0,A
667BA47DE2644BE,no,High,male,44.0,1.0,1.0,26707,2600.0,32A,S,7AAE2,75.93584224,4926.0,B
B02195C26B024EC,no,Premium,male,,8.0,2.0,CA. 2343,6955.0,F51,S,E013D,85.97091231,3691.0,B
1832571427504A8,yes,Medium,female,40.0,1.0,1.0,16966,13450.0,E4B,C,2539,77.00798726,6132.0,B
6698A5072A3A4CC,no,Premium,male,24.0,0.0,0.0,343275,805.0,90B,S,DF408,161.3236708,5900.0,B
C65F79B089D4434,yes,Medium,female,24.0,0.0,1.0,PC 17477,6930.0,DE6,C,2DEAC,147.99115890000002,6058.0,B
BBA7D25FFDA74E7,no,Premium,female,,3.0,2.0,4133,2546.67,6B2,S,4DC55,108.97168020000001,1476.0,B
14EE7DC760394F2,no,Premium,male,36.0,1.0,2.0,345773,2415.0,C14,S,1580E,197.86964469999998,6135.0,B
6F3F9B111520463,yes,Medium,female,22.0,0.0,2.0,113509,6197.92,2AE,C,19673,208.29148659999998,3567.0,B
D0ABC1878704447,yes,Premium,female,24.0,0.0,4.0,2666,1925.83,680,C,2.70E+85,68.69833901,2078.0,A
6BA1C1A68EE74E4,yes,Medium,female,60.0,1.0,4.0,19950,26300.0,C26,S,7DC8C,211.2156011,3748.0,A
62CF1DB1476E442,no,Premium,male,18.0,0.0,1.0,349912,777.5,163,S,463EA,70.47943259,1667.0,A
31759A87400D465,no,Premium,male,33.0,0.0,1.0,347062,777.5,D9C,S,682EE,78.06650733,3576.0,A
EE9A64D529EF4F3,yes,Premium,female,,0.0,1.0,2649,722.5,15C,C,4C6B5,205.7691484,5083.0,B
C01108E898A94B6,yes,High,female,30.0,0.0,1.0,234818,1235.0,50D,Q,FBB51,111.1795385,6972.0,A
E7A30B8964E447F,no,Premium,male,23.5,0.0,1.0,2693,722.92,84E,C,B21EF,61.56165056,7340.0,B
3A8ABEBBDC014D1,no,High,female,22.0,0.0,1.0,F.C.C. 13534,2100.0,23C,S,8519,119.6313943,6590.0,A
1F45BC1B360D4CC,no,Premium,male,32.0,0.0,1.0,STON/OQ. 369943,805.0,396,S,1376B,66.77137537,1582.0,B
DDA94E4229D049E,yes,Premium,male,44.0,0.0,0.0,STON/O 2. 3101269,792.5,A50,S,FCCCC,100.4876342,4126.0,B
E98DA7E978B34F1,no,High,male,28.0,0.0,1.0,244358,2600.0,BC5,S,7F6AC,170.1376008,4997.0,B
B79D12EC68AA4C3,yes,Premium,male,25.0,0.0,1.0,350033,779.58,82B,S,1DCAF,90.96347826,5054.0,B
7D99147F9388435,no,Premium,male,19.0,0.0,0.0,S.P. 3464,815.83,C54,S,E5481,87.08196378,4179.0,A
D6F7CB229C18428,yes,Medium,female,33.0,0.0,1.0,PC 17613,2772.08,9D3,C,1834A,81.48812679,6937.0,A
A9D921DFFDFD479,yes,Medium,male,,0.0,0.0,19947,3550.0,8D7,S,A6C54,116.8775186,5661.0,B
C5F480F11D3740B,no,Premium,male,,0.0,0.0,371110,2415.0,492,Q,62B70,173.0071853,7823.0,B
D30FC02A184B4AE,yes,Medium,female,47.0,1.0,1.0,W.E.P. 5734,6117.5,39,S,CF8F6,281.72313510000004,3050.0,A
AA6AFCF561E940D,yes,Medium,male,80.0,0.0,1.0,27042,3000.0,E11,S,C7990,87.7177298,5329.0,B
AA1FBF86F7054A6,yes,Medium,female,48.0,1.0,2.0,13567,7920.0,66D,C,84375,182.6311613,2643.0,A
AEB92A81FCC24ED,yes,Premium,female,27.0,0.0,2.0,347742,1113.33,5DD,S,24CBF,63.95426558,2510.0,B
CDEBB7F79A2D43E,no,Premium,female,,3.0,1.0,4133,2546.67,4CD,S,D8A98,115.7786324,5313.0,B
832CEB8A31E5486,no,Premium,male,28.5,0.0,0.0,54636,1610.0,8A6,S,356FD,220.4077601,2472.0,B
F1868DEB7E89436,yes,Medium,female,,1.0,1.0,PC 17604,8217.08,58B,C,92249,69.37141441,2276.0,B
4A48996CB1BF446,yes,Premium,female,,4.0,3.0,347077,3138.75,A44,S,93B06,107.4798835,3519.0,B
6D8AEA2ED01B447,no,High,female,38.0,0.0,1.0,237671,1300.0,425,S,8C9C1,116.1641472,4238.0,B
7D693B43DFA54EC,no,Medium,male,30.0,0.0,0.0,110469,2600.0,1B9,S,CE958,245.73964139999998,4169.0,A
78D2D084287A461,no,High,male,,0.0,1.0,SC/PARIS 2159,1287.5,BEC,S,3.00E+77,124.9972225,7281.0,B
E4B9DD8418B540C,yes,High,female,23.0,0.0,1.0,SC/AH Basle 541,1379.17,9F0,C,ED861,97.39733742,3900.0,B
48ACEB9900E1490,no,Medium,male,60.0,0.0,1.0,113800,2655.0,E12,S,3A27D,250.91664,1987.0,B
034E74200D0D44C,no,Premium,male,18.0,0.0,1.0,347078,775.0,F0C,S,2033B,76.58074769,7838.0,A
0F503505CA3A443,yes,Medium,female,43.0,1.0,1.0,11778,5544.17,96A,C,6F26A,247.94045630000002,4955.0,B
3DDD3AF9D35F49A,no,Premium,male,,0.0,0.0,12460,775.0,85A,Q,2DADA,109.0858253,5051.0,A
7117779C1BD94FA,no,Medium,male,32.5,0.0,0.0,113503,21150.0,32D,C,58F82,116.6079256,5619.0,B
A007F44AFF104D8,no,Premium,male,,0.0,1.0,A.5. 3236,805.0,9.00E+05,S,9CFD2,186.6531626,1985.0,B
361E0F42B8794E6,no,Premium,male,42.0,0.0,1.0,4579,840.42,E61,S,66DA7,116.67592140000002,6357.0,A
A15A3AD4832345F,no,High,male,54.0,1.0,1.0,244252,2600.0,CA5,S,C7039,222.1375989,6806.0,A
3C486E34B3A049A,no,Premium,male,40.0,0.0,0.0,2623,722.5,D02,C,B64DF,53.82545695,1801.0,A
1F1F622F452C4A3,yes,Premium,male,29.0,0.0,0.0,345779,950.0,781,S,FF40A,99.08116602,4535.0,B
FBBA3C3A432E476,yes,Premium,female,21.0,0.0,1.0,343120,765.0,D2E,S,A93C5,201.6763573,4547.0,A
A48E3314039642E,no,High,male,24.0,0.0,1.0,C.A. 29566,1050.0,116,S,41A3E,185.8644985,2240.0,B
37D05D960C4B477,no,Premium,male,,3.0,3.0,347088,2790.0,6B6,S,C17B6,108.3143952,5505.0,B
42805C5A91B34DE,no,High,male,32.0,0.0,0.0,237216,1350.0,E9C,S,C8CC0,133.9619166,6716.0,A
61A51D95C4FF4E7,yes,High,female,50.0,0.0,0.0,W./C. 14258,1050.0,6C1,S,E28C5,161.5053451,2663.0,B
50B5B292E1F0482,no,Premium,male,,0.0,0.0,368323,695.0,8C1,Q,6951A,85.55195222,5823.0,A
E5E885707E414E5,no,Premium,male,26.0,0.0,0.0,341826,805.0,269,S,6A038,154.68718080000002,5379.0,A
AB2FA5F970F14B5,no,Premium,male,,0.0,0.0,374910,805.0,693,S,18CF9,137.2227159,2441.0,A
2AC64BC8A53E482,yes,Medium,female,30.0,0.0,0.0,113798,3100.0,E2F,C,81248,105.26081299999998,3970.0,B
8A367ED0B8A4492,no,Premium,male,,4.0,2.0,3101295,3968.75,41A,S,FF018,144.6987719,1303.0,B
8D61D2441B78477,no,Medium,male,57.0,1.0,2.0,36928,16486.67,EDB,S,1A519,93.96679043,4008.0,A
445AF931313940F,yes,High,female,50.0,0.0,0.0,F.C.C. 13531,1050.0,85C,S,5D0F6,112.42392509999999,3186.0,A
B572835187A041D,yes,Premium,male,,1.0,1.0,2661,1524.58,DE2,C,65D5D,53.94949127,6656.0,B
637250BED2574A7,yes,Medium,female,45.0,0.0,1.0,PC 17759,6335.83,19F,C,121AD,160.1952351,7580.0,A
3ED9B47AD1B1420,yes,High,female,22.0,1.0,3.0,SC/Paris 2123,4157.92,6D6,C,DF7E2,238.2565846,7155.0,B
EA78FA4EEDF0474,no,Premium,female,,0.0,2.0,345773,2415.0,B7B,S,046F6,149.844764,2853.0,A
D55DDD92EE98432,no,Premium,male,,0.0,1.0,7935,775.0,BAD,Q,747EA,216.9016066,7634.0,B
B010CE61C6CD4D3,no,Premium,female,,0.0,0.0,343095,805.0,CBC,S,15CC8,252.40278309999997,2120.0,B
4F43466C07D2401,no,Premium,female,,1.0,0.0,370371,1550.0,491,Q,E21A1,77.2460944,2943.0,A
215626650DC6434,no,High,male,47.0,0.0,0.0,237565,1500.0,FB2,S,D15BF,111.67215729999998,6461.0,B
06B2610415EE492,no,Premium,female,25.0,1.0,0.0,STON/O2. 3101271,792.5,16C,S,C9A37,85.35388194,2425.0,A
C16F9241D40941D,no,Premium,female,28.0,1.0,2.0,347080,1440.0,83F,S,64918,132.80793789999998,3783.0,B
02E3662664934DB,no,Medium,male,61.0,1.0,4.0,PC 17608,26237.5,3B6,C,7B161,53.61163447,6299.0,B
76EDA34C33814EE,no,High,male,31.0,1.0,1.0,C.A. 31921,2625.0,07E,S,CA1C4,109.78562340000002,6080.0,B
12902E38B6994E1,no,Premium,male,,,0.0,330877,845.83,4D1,Q,BB853,107.7129652,5194.0,B
A5469AD484D7400,no,Medium,male,50.0,1.0,1.0,13507,5590.0,C16,S,80836,170.997568,4730.0,A
26BF19A5127E449,no,Medium,male,40.0,0.0,1.0,PC 17601,2772.08,F0D,C,D658E,108.9194308,5969.0,B
818CF7739BF04CB,no,High,male,42.0,0.0,0.0,244310,1300.0,7EF,S,43264,53.90459516,3641.0,B
5AA50F539E284E2,no,Premium,male,,4.0,1.0,382652,2912.5,BB0,Q,7.60E+35,146.5144319,4403.0,B
4F8ABADEA69B4C8,yes,Medium,female,18.0,1.0,1.0,113773,5310.0,462,S,F8E0D,118.5249379,7003.0,A
52A0CCD64A1B4B0,yes,Premium,female,24.0,1.0,0.0,STON/O2. 3101279,1585.0,9F4,S,83830,61.00850823,7117.0,B
82F115804DEE4EB,yes,High,female,,1.0,2.0,SC/Paris 2123,4157.92,6B3,C,E4E18,142.2903153,4645.0,A
5DBB9ECEDA524FC,yes,Medium,female,45.0,0.0,1.0,112378,5940.0,ED4,C,EFA37,315.53580760000006,6714.0,B
12A4C5CB2AE34FA,yes,Premium,female,47.0,1.0,1.0,363272,700.0,831,S,6.00E+205,66.08138091,1393.0,A
1.49E+14,yes,Premium,male,32.0,0.0,0.0,STON/O 2. 3101286,792.5,7D2,S,937F0,192.25660109999998,3242.0,A
B037E77F306046F,no,Premium,female,21.0,0.0,1.0,315087,866.25,AD0,S,D57EF,195.0965342,3352.0,B
7E9A16FE481A4E7,no,High,male,36.0,1.0,3.0,C.A. 34651,2775.0,D74,S,034B9,110.5337366,2487.0,B
DDB2CDD0C3964AA,no,High,male,21.0,0.0,0.0,236854,1300.0,88B,S,3EB1F,129.0815767,6836.0,B
9CC1D4A4072B4ED,no,Premium,male,19.0,0.0,0.0,349205,789.58,9.00E+04,S,79BB9,102.7731036,2034.0,A
80DF17B9A9E74FF,no,Premium,male,21.0,0.0,1.0,315097,866.25,E4D,S,EC51F,56.67420852,1712.0,B
62077858F93E439,yes,Medium,female,23.0,3.0,3.0,19950,26300.0,962,S,40C39,128.665,2519.0,A
2D7B8459CBD2414,yes,Medium,male,50.0,2.0,0.0,PC 17611,,2F3,S,8997E,90.38437353,5152.0,B
37F46C98A8FF4A8,yes,Premium,female,,0.0,2.0,315153,2202.5,773,S,FE10E,70.11880626,2410.0,A
FF0090F638BB4C7,no,Premium,female,19.0,1.0,0.0,376566,1610.0,DAE,S,7CDDA,54.04460752,6319.0,A
04B8518C22E9433,no,Medium,male,65.0,0.0,1.0,113509,6197.92,CF2,C,BE51C,213.77337519999998,2848.0,B
4B39E45C7AB844C,no,Medium,male,55.0,1.0,0.0,PC 17603,5940.0,57B,C,6A381,150.224106,2983.0,A
BC1BB2A1704F4B7,yes,Medium,female,,1.0,0.0,17464,5186.25,E57,S,68965,187.264011,4177.0,B
17DB1678C2DE4F2,no,Medium,male,25.0,0.0,1.0,13905,2600.0,6.00E+00,C,8C07F,91.77968396,1661.0,A
7BF213C78E8042D,no,Premium,male,,4.0,1.0,382652,2912.5,3B2,Q,60ECE,208.5666427,5937.0,B
D69E1CF80F7D4B8,yes,Premium,female,45.0,0.0,0.0,2696,722.5,2EE,C,5B6B5,120.0503142,1997.0,B
471F6097FB3945A,no,High,male,32.0,2.0,1.0,S.O.C. 14879,7350.0,F45,S,56655,109.3316031,3088.0,A
C4A9677BA45B43C,no,Premium,male,35.0,0.0,0.0,,705.0,EC8,S,0DA74,101.8558056,7326.0,B
C3987D080718403,yes,Premium,female,26.0,0.0,1.0,347470,785.42,37D,S,F3A0A,66.5573615,7488.0,A
EF0C186DD85744A,yes,Medium,male,34.0,0.0,1.0,113794,2655.0,23B,S,88B83,119.18223300000001,7397.0,B
0B702718BBA8491,no,Premium,male,,0.0,0.0,368573,775.0,376,Q,AE472,74.52098384,6169.0,B
2423A62B1EA9434,no,Premium,male,26.0,2.0,0.0,315151,866.25,6BC,S,B46B0,68.87365466,2572.0,A
C8CB68EC4B06491,yes,Medium,female,39.0,0.0,0.0,PC 17758,10890.0,AA8,C,CBE81,72.55798022,6122.0,A
486A209A2A2742D,yes,Premium,female,22.0,0.0,1.0,347081,775.0,4A7,S,82ACF,139.4174183,5369.0,A
B9B98DA7E7874D4,no,High,male,61.0,0.0,1.0,235509,1235.0,3.00E+01,Q,CE1F3,79.42683926,2980.0,B
C36015C7296D405,yes,Premium,male,21.0,0.0,0.0,350053,779.58,7CC,S,24ABD,138.06455490000002,7861.0,B
D8F69B413A7049A,yes,High,female,26.0,0.0,0.0,220844,1350.0,CD8,S,716FB,69.22535158,2168.0,B
DB26458844A2478,no,Medium,male,71.0,0.0,0.0,PC 17754,3465.42,135,C,D176B,54.21971608,3691.0,B
E49BD662C6FB42C,yes,High,male,,2.0,1.0,230136,3900.0,FBD,S,B7C03,144.46248219999998,5462.0,B
3991554249C94D1,yes,High,male,42.0,0.0,0.0,237798,1300.0,CAB,S,1CEE5,78.13026874,6464.0,A
7061CE993EDE4C5,yes,Medium,female,38.0,0.0,0.0,113572,8000.0,1A7,,8AF6F,117.56347340000002,3762.0,B
20EB41F5B72A4F4,no,Premium,male,,0.0,0.0,2627,1445.83,1BB,C,4C7B0,207.00969019999997,3858.0,B
1DFC19E69E28405,no,Premium,female,21.0,1.0,0.0,4137,982.5,F7B,S,70702,191.81432180000002,6884.0,A
B5196F36CBBA4DD,yes,High,female,34.0,0.0,1.0,C.A. 34260,1050.0,686,S,6A438,70.01562871,6669.0,A
27AE9D32887D47D,no,High,male,,0.0,0.0,239853,0.0,DAC,S,4CA98,159.7856466,6931.0,A
C0271FD151CD4CB,no,Premium,male,36.0,0.0,0.0,345771,950.0,AC2,S,77425,103.0944883,3167.0,A
05C8736B0C994EC,no,Medium,male,30.0,0.0,0.0,113051,2775.0,B7E,C,F434C,141.590703,4411.0,B
D5CAA34A8AA643D,yes,High,male,,0.0,3.0,S.C./PARIS 2079,3700.42,F50,C,0DB42,123.46321950000001,2907.0,B
4C4920EDE90E42B,no,High,male,,0.0,1.0,SC/A.3 2861,1557.92,AAC,C,8BB66,88.19639602,3777.0,A
2FF130784F8C43E,no,Premium,female,48.0,1.0,4.0,W./C. 6608,3437.5,7A4,S,21638,69.46910114,3898.0,A
2C81E4EAC0AB459,no,High,male,48.0,0.0,1.0,234360,1300.0,94F,S,833D4,97.22780618,6411.0,B
CF4FAA2E68594EC,no,High,male,18.0,0.0,0.0,,1050.0,CD9,S,67407,71.00038734,2940.0,A
9C7EC0722E5C4EB,yes,Medium,male,,0.0,0.0,11774,2970.0,B27,C,1891A,184.6671885,6767.0,B
C0A1632D225F4A2,no,Premium,male,19.0,0.0,0.0,,765.0,8B8,S,53DF3,196.1907195,3232.0,B
881815EF2A8A484,no,Premium,female,,8.0,2.0,CA. 2343,6955.0,6DB,S,89CAA,54.44093747,7469.0,B
0C81FEFB1B86494,no,Premium,female,,1.0,0.0,2660,1445.42,321,C,A7C91,100.18198740000001,4197.0,B
B14F4BB457D24A4,no,Premium,male,22.0,0.0,0.0,345767,900.0,2FD,S,1D8E9,119.8628012,2392.0,A
C2857AC4C59F4A4,no,Premium,male,21.0,0.0,0.0,8475,843.33,AB3,S,4495E,176.3259781,3653.0,A
0E525EAE8932414,no,Premium,male,21.0,0.0,0.0,312992,777.5,5.00E+04,S,ADEE7,143.21174109999998,2255.0,B
53D5C47D587F449,no,Premium,female,31.0,0.0,0.0,350407,785.42,956,S,46B4C,59.41685808,5365.0,B
74BE0D149C4C42C,yes,Premium,female,,0.0,1.0,334915,772.08,A70,Q,280FF,85.98805838,5616.0,A
D33E3EBDD56E4BE,no,Premium,female,30.0,0.0,0.0,330972,762.92,A35,Q,09FD0,90.35069762,3818.0,A
FD410668286D41B,no,Medium,male,27.0,1.0,1.0,13508,13677.92,A5D,C,E4C46,60.59929975,5305.0,A
B0879F9FBD22410,yes,Premium,male,32.0,0.0,0.0,,805.0,708,S,8BFF2,50.52351111,5366.0,B
BE62FA6A12E343D,no,High,male,27.0,1.0,0.0,228414,2600.0,4AD,S,DBE36,131.57051620000001,4579.0,A
D17218C54DC9435,no,Medium,male,,0.0,1.0,110465,5200.0,805,S,4A7E5,71.93425563,2655.0,A
D88499042B154AA,yes,High,female,,2.0,1.0,,3900.0,C9B,S,974ED,65.64657551,1962.0,A
A14D00E1FEBF433,no,Premium,male,60.5,0.0,0.0,3701,,05A,S,00D61,80.83267787,7521.0,A
5BC57849F731436,no,Premium,female,,0.0,1.0,65305,811.25,27B,S,78AB1,70.37079601,6337.0,B
CBB6758AFCA44FF,yes,High,male,,1.0,2.0,29106,1875.0,684,S,20B40,115.4902814,3665.0,A
2C92F74057A149A,no,Medium,male,21.0,0.0,1.0,35281,7728.75,0F1,S,CCA5C,146.2383147,3683.0,B
DD6A29F056F340F,no,Premium,male,20.0,0.0,1.0,350416,785.42,903,S,7D655,72.73545828,6088.0,B
9C6CE9CE0CD941D,yes,Medium,male,,0.0,2.0,33638,8185.83,D58,S,1F136,81.0152604,4034.0,A
1EA2CD7748C04FD,no,Premium,female,23.0,0.0,1.0,STON/O2. 3101290,792.5,96,S,600B7,,5069.0,A
31B4A310C9274F3,no,Medium,male,58.0,0.0,3.0,35273,11327.5,F7F,C,0F808,101.81151949999999,1358.0,B
3757FF98A0B04A2,yes,Premium,female,31.0,0.0,0.0,349244,868.33,1D7,S,D639B,70.11899046,3619.0,B
25B5FF5ADCE0483,no,Medium,male,31.0,1.0,1.0,F.C. 12750,5200.0,388,S,8D42C,56.82717689,7072.0,B
26DBF4C5D5DA41D,no,Premium,male,27.0,0.0,0.0,2670,722.5,D3B,C,3D1FE,123.29055509999999,6683.0,A
9A368E0FA179486,no,Medium,male,23.0,0.0,1.0,12749,9350.0,BAC,S,28A6A,88.99716045,2142.0,A
785DB96E774841A,yes,Premium,female,35.0,1.0,1.0,C.A. 2673,2025.0,E30,S,FFA12,105.1637741,3892.0,B
C9E2D27661CA4D8,yes,Premium,male,18.0,0.0,0.0,A/5 3540,805.0,C67,S,D77C6,114.8706261,5493.0,A
2241510331FE453,yes,Premium,male,29.0,0.0,0.0,382651,775.0,6A3,Q,918F4,86.14454664,7340.0,B
FDA7547AEEC24C8,yes,Premium,female,,1.0,2.0,PP 9549,1670.0,BF7,S,AA0AE,165.335476,1455.0,B
56CC4878D60D437,yes,Medium,male,42.0,1.0,0.0,11753,5255.42,EB1,S,7770B,51.64137536,4882.0,A
73EB0F642AAF4FF,no,Premium,male,30.0,0.0,1.0,C 7076,725.0,FFE,S,6.20E+10,90.27109211,5621.0,A
9CAECBBB7FAB48E,no,Premium,male,,1.0,0.0,350048,705.42,B02,S,8A656,128.7264056,6434.0,B
ECB28EC39B4A4BB,yes,Medium,female,,1.0,0.0,17453,8910.42,C72,C,7F00D,136.6168208,7175.0,A
7B19BB55F87C47A,yes,High,male,29.0,0.0,0.0,SC/PARIS 2147,1385.83,9BA,C,4CAEB,72.55405862,4067.0,B
D410A1ABCE074EB,no,Premium,female,,4.0,2.0,347082,3127.5,B63,S,C358B,145.8902077,7815.0,B
7E42586BC59B492,no,Premium,male,39.0,1.0,5.0,347082,3127.5,F3C,S,DF4FE,174.4503112,6477.0,B
6102F6C44F354B2,no,Premium,male,,0.0,0.0,349218,789.58,395,S,3797A,181.1590768,5719.0,A
AE99E2C7603D425,no,Premium,male,,0.0,1.0,359306,805.0,BD0,S,2F0B6,139.05627900000002,1680.0,B
EB00397D8E90421,yes,Premium,male,24.0,0.0,0.0,S.O./P.P. 752,755.0,4A5,S,82FB7,66.43630733,7630.0,A
891D0F92926D4F5,yes,High,female,,1.0,0.0,237736,3007.08,CD9,C,41DC9,77.0967063,3630.0,B
3ADEFBB646EE47D,no,Premium,female,39.0,0.0,6.0,382652,2912.5,F94,Q,2E43D,69.41371794,5716.0,B
D0C00974D2EA4FF,no,Premium,male,,3.0,1.0,349909,2107.5,BBD,S,,99.01729966,6179.0,B
0E56F2869E414CB,yes,Premium,female,,2.0,2.0,2666,1925.83,1D1,C,2BB71,240.99702549999998,5773.0,B
36EF30F44B644F4,no,Premium,male,49.0,0.0,1.0,LINE,0.0,624,S,688F8,150.33374080000002,3976.0,A
196F8903F2C745B,no,Premium,male,,1.0,0.0,376564,1610.0,6.00E+07,S,9E5EF,98.98798564,1260.0,A
6202DEF5469B4AF,no,Premium,female,,1.0,,W./C. 6607,2345.0,D81,S,13C3C,89.24649328,3540.0,B
877132CA4012418,no,Premium,male,,5.0,2.0,CA 2144,4690.0,7DD,S,2E742,91.64113266,4996.0,B
30F9A572545B4CB,yes,Medium,female,29.0,0.0,0.0,PC 17483,22177.92,939,S,2CBBA,52.21658208,2841.0,B
17D634E7C69B461,no,High,male,38.0,1.0,1.0,28664,2100.0,7CC,S,611B9,132.439584,2431.0,A
AF47DD3618B44D0,no,Premium,male,,0.0,0.0,1601,5649.58,42E,S,68DC3,84.91486154,6907.0,B
A692AA5229B9476,yes,Medium,female,21.0,2.0,2.0,PC 17608,26237.5,CFE,C,93A9C,96.16532434,6868.0,A
97BECBAC58434D7,yes,Premium,female,27.0,0.0,1.0,STON/O2. 3101283,792.5,F91,S,5586E,181.85241299999998,3616.0,A
06432A7E71A046C,yes,Medium,female,48.0,1.0,4.0,PC 17608,26237.5,5FA,C,2A278,52.5762321,1365.0,B
E9DD0F62054D4D2,no,Premium,male,25.0,0.0,0.0,36864,774.17,63D,Q,6FDFE,94.43743976,7083.0,A
2F44740F8E7A41B,yes,High,female,32.5,0.0,0.0,27267,1300.0,ACE,S,0BB90,124.0374521,4279.0,A
EF8FE41F792541E,no,Premium,female,,1.0,2.0,,1218.33,51A,S,01ED4,126.415769,4767.0,B
BA3BDAF438664FA,no,High,male,23.0,0.0,0.0,SC/PARIS 2133,1504.58,ADC,C,88763,103.6670969,3506.0,B
3E8BC12335394B7,no,Medium,male,31.0,0.0,0.0,,5049.58,C46,S,CABDB,94.01702261,6535.0,B
7041FB40049E434,no,Premium,male,23.0,0.0,1.0,349204,789.58,FBB,S,5BF65,177.42226019999998,6847.0,A
854FC23B971443D,yes,Medium,female,48.0,1.0,1.0,PC 17761,10642.5,E8A,C,5953B,107.5368113,2282.0,B
E4B9A24BC95C41A,no,High,male,42.0,0.0,1.0,211535,1300.0,624,S,A2FF4,170.70276869999998,7157.0,B
486C2FC81E5D458,yes,High,female,21.0,0.0,0.0,C.A. 31026,1050.0,B03,S,36926,241.6682252,1728.0,A
4A0186AC32C94EE,no,High,male,28.0,0.0,1.0,248740,1300.0,810,S,211C8,171.648085,3922.0,A
4D6E91231341458,no,Premium,male,22.0,0.0,1.0,14973,805.0,5F9,S,D9709,59.80632365,5380.0,B
075537A2B00D4F8,yes,Medium,female,27.0,1.0,2.0,PC 17558,24752.08,95B,C,CDEE1,145.06467990000002,2909.0,A
A031211B08A1402,yes,Medium,female,50.0,1.0,1.0,113503,21150.0,BDA,C,17B75,183.3627022,2501.0,B
751E6DAF5A4B47F,no,High,male,30.0,1.0,1.0,P/PP 3381,2400.0,C6F,C,EE357,206.3180332,5908.0,B
0786A55B8F1B4EB,yes,High,female,31.0,1.0,2.0,C.A. 31921,2625.0,943,S,33F70,164.6033888,5767.0,B
D9B61F9F212E4CA,yes,Premium,female,,2.0,0.0,367226,2325.0,1DF,Q,260D6,121.792759,6890.0,B
E5E80BD346BF426,yes,High,male,,0.0,0.0,SC/PARIS 2146,1386.25,CA3,C,53F7B,130.3730912,3343.0,A
27C908A4720E4AD,no,Medium,male,39.0,0.0,0.0,112050,0.0,9A1,S,90915,289.61323880000003,2146.0,A
623D8903C94B423,yes,Premium,male,,0.0,0.0,SOTON/OQ 392089,805.0,B9C,S,E23AD,144.642572,2227.0,A
62143CF9FA864E9,no,Medium,male,41.0,0.0,1.0,113054,3050.0,E09,S,2E11A,240.2902682,5378.0,A
3F764CBDAE9E478,yes,Premium,female,,0.0,0.0,330932,778.75,85B,Q,0E1BB,150.6870563,2464.0,B
43D38D7901C743F,no,Premium,male,20.0,0.0,1.0,7534,984.58,DAA,S,788C3,97.57040921,1691.0,B
994A937E64B04E0,yes,High,female,28.0,0.0,0.0,230434,1300.0,C1D,S,E77BE,135.4044584,4033.0,A
970D4AEA9C5647E,no,High,male,52.0,0.0,1.0,248731,1350.0,43F,S,502C0,66.92648102,6194.0,A
C08BC885E00945F,yes,Premium,male,26.0,0.0,1.0,2699,1878.75,02D,C,8ED5D,104.3751754,7475.0,B
21F435E9BFB4482,no,Premium,male,,0.0,0.0,349253,789.58,8D4,C,6.31E+05,57.96858784,1790.0,A
1D411D01AE0B4B1,no,High,male,30.0,0.0,0.0,233478,1300.0,C8D,S,AF605,61.4028025,6808.0,A
B767A25F4A984AB,yes,Medium,female,49.0,1.0,1.0,PC 17572,7672.92,C64,C,A7903,242.74860519999996,2684.0,A
98066EBFEF2F48A,no,Premium,male,,0.0,0.0,2686,722.92,38E,C,8D679,64.72543828,1316.0,A
BD7F53F0ECBF4CB,yes,Premium,male,21.0,0.0,0.0,345501,777.5,3B6,S,A5231,138.20116299999998,3911.0,A
0639171AF75B4FF,no,Premium,male,,0.0,1.0,345777,950.0,4.00E+00,S,33D74,146.1620479,4314.0,A
7998C624F0174E1,no,Premium,male,51.0,0.0,1.0,347064,775.0,9CE,S,D23DF,120.8965078,7600.0,A
41460C409CF74A9,yes,Medium,female,53.0,0.0,1.0,PC 17606,2744.58,F3B,C,0BBA3,110.8467811,1457.0,A
4809A8FF04004BC,no,High,male,27.0,0.0,1.0,220367,1300.0,61A,S,FF736,141.8987291,6243.0,A
50086205F1FE42A,no,Premium,male,,0.0,1.0,2631,722.5,66D,C,DD523,62.55443558,3741.0,A
3F4558BCC9E04C2,yes,Medium,female,36.0,0.0,1.0,PC 17760,13563.33,80,C,81919,98.63053642,7377.0,B
C003F0C31BBF450,no,Premium,male,24.0,0.0,0.0,349209,749.58,E14,S,A7B3B,134.46087769999997,4364.0,A
7C3704BA15FC4F2,yes,Premium,female,22.0,0.0,1.0,7548,896.25,01F,S,051DC,100.5393597,3840.0,A
EEE4FE52F892415,yes,High,female,,0.0,1.0,250644,1950.0,44,S,0ED50,174.35281990000001,2665.0,B
63D0D05F669A4FF,no,Premium,male,,1.0,0.0,371110,2415.0,149,Q,8F240,200.7118551,1994.0,B
B7243CF0A57D4B5,yes,Premium,male,39.0,0.0,1.0,STON/O 2. 3101289,792.5,8BF,S,99318,108.28939479999998,7665.0,B
BDF502F66E634B1,no,Premium,female,,8.0,2.0,CA. 2343,6955.0,90C,S,F7560,178.5183225,3922.0,B
32E6B919D557492,no,High,male,30.0,1.0,2.0,250651,2600.0,33,S,B71DD,160.9998425,2082.0,A
B749D49E4A87411,yes,Medium,female,54.0,1.0,1.0,PC 17603,5940.0,BC9,C,702B4,103.4988968,4824.0,B
3FA638BEB4CD498,no,Medium,male,,0.0,0.0,112052,0.0,6.00E+09,S,26A16,86.23487595,3164.0,B
51BF05D24E7943F,no,Premium,female,18.0,0.0,1.0,330963,787.92,21F,Q,AA325,173.50912480000002,5562.0,A
E4C88B31A6514B2,no,Premium,male,,2.0,1.0,345764,1800.0,873,S,D1DB2,144.128393,2893.0,B
59B3EDAA29284DC,yes,High,female,24.0,0.0,0.0,248733,1300.0,521,S,B3710,101.158811,7178.0,A
B401FA2C0D064FB,no,Premium,male,38.0,0.0,0.0,SOTON/O.Q. 3101306,705.0,6A2,S,B79DC,129.4917275,5325.0,A
3657D540B69B4EE,no,Premium,female,28.0,0.0,0.0,349245,789.58,906,S,F31AD,132.50416429999999,4328.0,B
195376F057454E8,yes,Medium,female,39.0,1.0,2.0,110413,7965.0,D46,S,AA2D0,86.05710711,5917.0,B
65A079161FED4E8,no,Premium,female,,3.0,2.0,349909,2107.5,,S,A8F0B,88.89317379,1754.0,A
83647058968548B,no,High,male,32.0,0.0,1.0,C.A. 33111,1050.0,38C,S,27848,180.0523008,7813.0,B
F274E787CFC54C3,yes,Premium,male,25.0,0.0,1.0,348122,765.0,1BB,S,52510,95.03295454,4464.0,A
404EB955636A46B,yes,Medium,male,,0.0,0.0,16988,3000.0,363,S,6DB7E,161.27259640000003,4226.0,B
5CEF00A82AF34EF,yes,Medium,male,35.0,0.0,1.0,PC 17755,51232.92,76F,C,AA030,168.97653,5052.0,B
5FAC6586BAFF41F,yes,Medium,male,25.0,1.0,0.0,11967,9107.92,AA4,C,8A4A8,181.8845619,3114.0,B
6CF6CA8C1FB14F8,no,Premium,male,39.0,0.0,1.0,A/4 48871,2415.0,3F0,S,FC9B4,151.61455869999998,2488.0,B
C0C8C01BA72D46B,no,Premium,male,40.0,0.0,1.0,349251,789.58,2C0,S,4A9CC,57.26994661,7182.0,A
94A7306C7A23470,yes,Medium,male,27.0,0.0,1.0,PC 17572,7672.92,B07,C,DACCC,,2298.0,B
30DECA3FF250444,no,Premium,male,19.0,0.0,1.0,323951,805.0,AFF,S,33FAD,98.47759048,3746.0,A
C8F7F7A5954F41C,no,Medium,male,,0.0,0.0,113056,2600.0,CC1,S,36FA1,,1655.0,A
1AB591480258472,yes,High,female,34.0,1.0,2.0,28220,3250.0,3AF,S,BEBF1,168.6556563,5259.0,A
75A1AAF4405D410,no,Premium,male,26.0,0.0,0.0,349224,789.58,0C3,S,1B52D,281.67235980000004,2472.0,A
C73C35EA60D54E1,yes,Premium,male,26.0,0.0,0.0,1601,5649.58,330,S,6D8FC,79.85612428,7137.0,A
41BEF6C42F4D4DC,yes,High,female,,0.0,0.0,SO/C 14885,1050.0,990,S,785A7,107.75647179999999,6240.0,A
52F5BF56362C475,yes,Medium,female,38.0,1.0,1.0,PC 17599,7128.33,51C,C,3EF01,51.78082887,6747.0,A
5EFAE0E0E48D4FB,no,Premium,male,34.0,0.0,0.0,364506,805.0,8D4,S,E50F6,175.4208953,6383.0,
E5EDAE9C1F3A439,yes,Medium,female,18.0,0.0,2.0,110413,7965.0,EB8,S,A8F53,101.5285344,6357.0,B
83343B1529CE409,yes,Medium,female,55.0,0.0,1.0,PC 17760,13563.33,113,C,F76F6,98.79766849,7741.0,B
3DA96B6AB1DC48A,no,Premium,female,,3.0,3.0,347088,2790.0,9C6,S,A7522,87.99491450000001,1518.0,B
7EE7E6B40FB3479,yes,High,female,,0.0,1.0,226593,1235.0,E52,Q,761BD,181.3567668,6483.0,B
A0EDBA55CBA5426,yes,Medium,female,35.0,1.0,1.0,36973,8347.5,EA7,S,D3A53,88.60267421,7174.0,B
044E1F7E85EE42B,no,Premium,male,21.0,0.0,0.0,2692,722.5,7F1,C,AEEF6,75.02382749,4092.0,A
700F13ADE9C945E,no,Medium,male,,0.0,0.0,PC 17757,22752.5,EB1,C,B4289,60.80127044,5488.0,A
385BDA8155A5457,yes,Premium,male,,0.0,0.0,1601,5649.58,15A,S,D21BC,123.1006253,7199.0,B
D42E80D2B18941F,no,Medium,male,45.0,0.0,1.0,113784,3550.0,9C4,S,7FCAF,143.0106571,4212.0,B
4A342C4D554C4BE,no,Premium,male,22.0,0.0,1.0,A/5 21172,725.0,D8A,S,9EAD1,264.3961015,2357.0,A
AE5A310EA521402,yes,Premium,male,20.0,1.0,1.0,,792.5,854,S,0A6F0,198.719171,5943.0,A
84B4F51873BB467,no,High,male,21.0,1.0,1.0,28133,1150.0,212,S,34AB4,176.57681269999998,3046.0,A
B551CD3E07904F1,no,Premium,female,,8.0,3.0,CA. 2343,6955.0,75C,S,29DF0,82.02727864,6816.0,B
4FD4C9E0F68845E,no,Premium,male,,0.0,1.0,349234,789.58,488,S,768B7,64.21724201,2972.0,B
1AFE7B2F3D8A428,no,Premium,male,,0.0,1.0,349232,789.58,F11,S,77742,76.52575482,4642.0,B
3152E5A79C64481,no,Premium,male,,0.0,1.0,2629,722.92,A35,C,95228,83.25547059,5900.0,B
CB6EAA13AA334F4,yes,Premium,female,23.0,0.0,1.0,SOTON/OQ 392083,805.0,7F3,S,402AF,77.25843032,3478.0,B
5AD424C28720467,no,High,male,19.0,0.0,0.0,28004,1050.0,573,S,BAAEB,169.13737949999998,3853.0,A
966AAB88F1ED49F,no,Premium,male,,0.0,1.0,349238,789.58,FD0,S,1D267,64.20894857,1968.0,A
1CB060AF54824E7,no,Premium,female,,3.0,2.0,347088,2790.0,6A0,S,1BBA7,75.42886655,3345.0,B
9906E7C089B9446,yes,High,female,29.0,1.0,1.0,228414,2600.0,A68,S,27EF7,80.4409015,3304.0,A
3AD654620BC547E,no,Premium,male,36.0,0.0,1.0,349210,749.58,B1E,S,F749B,91.76533843,6165.0,B
52F620B01347489,no,Medium,male,42.0,0.0,1.0,113038,4250.0,7B3,S,857FF,52.95457518,3841.0,B
AC3C835DCFF94FA,yes,Premium,male,25.0,0.0,1.0,2654,722.92,18B,C,D14AC,98.66201451,4970.0,A
3ADFF5D890A24FD,no,Premium,male,74.0,0.0,1.0,347060,777.5,A6C,S,761B6,210.56218019999997,7870.0,A
D016AFB335D1401,no,High,male,23.0,1.0,1.0,28666,1050.0,E60,S,827A2,258.8564659,4552.0,B
0434DCC27C414E1,yes,High,female,29.0,0.0,2.0,29103,2300.0,B7F,S,EBFD8,127.55267250000001,7421.0,B
9A2BF80E639B473,yes,Premium,male,,0.0,0.0,65306,811.25,CDC,S,8F06F,103.9475161,5083.0,A
46A94C5672C4470,no,Premium,male,,0.0,1.0,370377,775.0,F6E,Q,9D9BD,94.22050712,1751.0,A
E09318CCFA1041E,no,Premium,female,35.0,0.0,0.0,9232,775.0,BCE,Q,BA028,,2206.0,A
32D4F8AB6C7844C,yes,Medium,male,48.0,1.0,1.0,PC 17572,7672.92,23B,C,D8A3F,293.954161,6158.0,A
6AAC9E413DCC411,no,Premium,male,,0.0,1.0,349216,789.58,861,S,AF2BF,68.85335818,1756.0,B
0495D9CD95DC443,no,Premium,male,40.5,0.0,3.0,A/5. 851,1450.0,EE5,S,7FAEA,149.2823794,6375.0,B
86955EB2575346B,no,Premium,male,28.0,0.0,1.0,345770,950.0,F6F,S,D5D6E,106.0703185,3112.0,A
3B59D9FC9ADD46A,no,Premium,male,,1.0,3.0,W./C. 6607,2345.0,4A3,S,A8DD3,80.49077428,4340.0,A
A4254588B131486,no,Premium,male,26.0,0.0,0.0,3474,788.75,17E,S,2E2D9,170.6133399,4732.0,B
B6409DE9C35C4BB,yes,Medium,female,18.0,1.0,0.0,PC 17757,22752.5,3F2,C,30B1E,161.3523177,4619.0,A
A73E24FB5668456,no,Premium,male,26.0,1.0,2.0,C.A. 2315,2057.5,B8C,S,BBFD3,81.17288397,2829.0,B
F37FB7DF85704B2,no,Premium,male,24.0,0.0,1.0,350035,779.58,7F7,S,ED072,72.76879815,2714.0,A
F39DDAECDE474C7,no,Premium,male,21.0,0.0,1.0,349211,789.58,6D5,S,9.70E+47,78.83435019,7618.0,A
68F639C67A904C7,yes,High,female,21.0,0.0,1.0,S.O./P.P. 2,2100.0,E4E,S,8.10E+09,54.24116878,7397.0,A
AAC668B25C384BD,no,High,male,54.0,0.0,0.0,29011,1400.0,1FD,S,21120,163.74867509999999,2457.0,A
D1F0131EBAD9424,yes,Medium,female,60.0,1.0,0.0,110813,7525.0,D78,C,E7328,125.5638754,2237.0,B
40F5307EC5D542A,no,Premium,male,35.0,0.0,0.0,STON/O 2. 3101273,712.5,797,S,B4B8E,148.849333,5657.0,A
68406B2B555B432,yes,Medium,female,21.0,0.0,0.0,113795,2655.0,D40,S,5CA9B,221.6440079,1447.0,B
9A2DCC78506143C,yes,Premium,male,,0.0,0.0,3470,788.75,1A3,S,249CF,91.77168296,7045.0,B
E21190622F1B423,no,Medium,male,24.0,0.0,1.0,PC 17558,24752.08,558,C,AFC57,172.30462680000002,5446.0,B
AEB164ED67D04B7,yes,Medium,male,28.0,0.0,1.0,113788,3550.0,2FB,S,B0633,132.99738929999998,6447.0,B
423B35C83F2F414,yes,Medium,male,24.0,,1.0,21228,8226.67,7D2,S,8C420,152.5230666,2001.0,B
967A9D0F87FB45F,no,Premium,female,18.0,1.0,0.0,349237,1780.0,ABE,S,4.70E+31,65.51328437,6545.0,B
7830F7423288432,yes,Premium,female,19.0,1.0,1.0,350046,785.42,648,S,F613F,59.0211014,6393.0,A
7EC81DB96FED4A8,no,Premium,male,,0.0,0.0,3411,871.25,E6E,C,E7C68,165.92993049999998,1648.0,A
97BCE56439624A7,yes,Medium,male,53.0,0.0,0.0,113780,2850.0,80B,C,4BDF0,110.4703507,7244.0,B
5DE6925AF148499,no,Premium,male,,0.0,1.0,2624,722.5,4FA,C,,64.26742802,7705.0,A
FFFDD0C3B34644E,no,Medium,male,42.0,1.0,1.0,113789,5200.0,CE9,S,4272B,66.35507415,5090.0,A
B78792DDA12A4A2,no,Medium,male,47.0,0.0,1.0,5727,2558.75,D6B,S,F0BC1,104.4375913,4016.0,A
E85CE728A96F4F9,yes,Premium,female,22.0,0.0,0.0,334914,772.5,27E,Q,F3F71,215.0764543,1449.0,A
0006C68B50C5400,yes,Medium,female,51.0,0.0,2.0,PC 17592,3940.0,3D7,S,7719D,86.57668958,7779.0,B
E13FC0AA34104FC,yes,High,female,32.0,0.0,1.0,234604,1300.0,5B1,S,C4EF1,109.26134520000001,1696.0,A
06504761696D48D,no,Premium,female,,4.0,2.0,347082,3127.5,E1C,S,6FCB8,84.72357093,2991.0,B
BA8AAA0FD1D9453,no,Premium,male,30.0,0.0,0.0,2685,722.92,E5E,C,A97B5,210.37983640000002,6614.0,B
4FF7639303E04AD,no,Premium,male,,0.0,0.0,315093,866.25,8F6,S,3.00E+02,171.13910769999998,3654.0,B
E53036E70669466,no,Premium,male,,0.0,0.0,A/5 2466,805.0,F79,S,E5A4C,,6482.0,A
FDF1253E565049D,yes,Medium,male,45.0,0.0,1.0,PC 17594,2970.0,74F,C,9.92E+05,257.8936755,2601.0,B
D35A2D33F9F5411,no,High,male,21.0,2.0,1.0,S.O.C. 14879,7350.0,6C4,S,D2E0B,221.5309605,4520.0,A
FFCC458A954F4CA,yes,Premium,female,18.0,0.0,1.0,3101265,749.58,EEA,S,BED2F,125.0494902,3325.0,B
CEC59680E1644B6,no,Premium,male,,0.0,0.0,315086,866.25,F18,S,B7A1B,106.92966329999999,4924.0,A
DA55C522F29C435,yes,High,female,40.0,1.0,2.0,29750,3900.0,3AA,S,5D1D3,135.6756041,,B
ACD5C20BD31F443,no,High,male,30.0,1.0,0.0,CA 31352,2100.0,36,S,4.00E+32,148.5326074,4163.0,A
70C542B5D0104F1,yes,High,female,28.0,0.0,1.0,240929,1265.0,9CC,S,E6B7F,204.5678714,5064.0,A
F88C8FB8BD4D40F,no,Premium,male,32.0,0.0,1.0,,792.5,74,S,931C9,86.35719939,5545.0,A
310165F1325543D,yes,Medium,female,37.0,1.0,0.0,19928,9000.0,381,Q,38393,184.5479098,6954.0,B
B859E3CC062048B,no,Premium,male,,0.0,1.0,330971,787.92,4FA,Q,5C732,174.07332549999998,2160.0,B
881174FEC80C40C,yes,High,male,,1.0,2.0,29106,1875.0,C54,S,3A1FD,78.80189990000001,6844.0,B
F30C6125D97540F,no,Premium,male,26.0,0.0,0.0,347068,777.5,513,S,C9D3F,157.54216709999997,2235.0,A
696DC3790827474,yes,Premium,female,,0.0,1.0,335677,775.0,5C7,Q,D5F62,239.942045,2056.0,B
313EFDBB1B874BB,yes,Premium,female,,0.0,0.0,330931,787.92,5D1,Q,B8E87,134.6421216,2996.0,B
ABA5AE22FD8A414,no,High,male,36.0,0.0,1.0,C.A. 17248,1050.0,C10,S,DED3A,87.75904151,3713.0,B
6375FB1B5C6F44D,yes,Premium,male,,0.0,0.0,7538,922.5,63F,S,E45B3,189.481855,5397.0,A
C8780C87C3CA47E,no,Premium,female,,0.0,2.0,347054,1046.25,F7A,S,341F9,117.73886979999999,5170.0,B
1027D4F2B0294B1,no,Premium,male,28.0,0.0,1.0,349243,789.58,DDD,S,DBF72,208.8063905,6548.0,A
F67B6EF6C9BF41C,no,Premium,male,,0.0,0.0,349214,789.58,69F,S,5880E,105.9913702,2051.0,B
A1D8FF2FC56A4CD,yes,Medium,female,,1.0,3.0,113760,12000.0,31A,S,91D60,190.6339482,5829.0,A
DA679980A7F64DE,yes,Medium,male,51.0,0.0,0.0,113055,2655.0,D30,S,ABF31,145.7408862,5919.0,A
BFDC481EB503417,no,Premium,male,,0.0,0.0,349217,789.58,F6F,S,3CE88,133.3230244,3804.0,B
B0D8C4F85B9547E,no,High,male,47.0,0.0,0.0,C.A. 30769,1050.0,D87,S,843BA,329.9790882,4434.0,B
998A7EE259E247C,yes,Medium,female,,0.0,1.0,17421,11088.33,765,C,2746C,81.48952356,6372.0,A
C4D8BE1F836C4E7,yes,Medium,female,,1.0,0.0,PC 17758,10890.0,D00,C,CCCBC,93.52411915,4569.0,B
9EFE9FC116C5417,no,High,female,24.0,0.0,1.0,248747,1300.0,B53,S,B69D6,97.75949237,6036.0,B
EC8890A3D252458,yes,Medium,male,45.0,1.0,2.0,16966,13450.0,A2B,C,37FAE,89.45172567,2645.0,B
A91CD04275134AD,yes,High,female,35.0,0.0,1.0,F.C.C. 13528,2100.0,326,S,FDF39,171.92721509999998,5937.0,B
6EB8C0D33111408,no,Premium,male,65.0,0.0,1.0,336439,775.0,7FA,Q,7.86E+04,229.5965608,7880.0,B
F373585F7C43407,no,Premium,male,,0.0,1.0,S.O./P.P. 751,755.0,780,S,D7CB8,144.3209267,2377.0,B
D155691EEF6C4D6,no,Premium,male,40.0,1.0,6.0,347077,3138.75,D33,S,837F2,68.03075619,4329.0,B
845680634FB74A7,no,High,male,44.0,0.0,0.0,248746,1300.0,F1F,S,4C0D5,98.40570114,4037.0,A
F50E551B84D3410,yes,Premium,female,,0.0,0.0,364516,1247.5,1F6,S,6050E,215.01880559999998,5318.0,B
17EB308B4E2B4B1,no,Premium,male,,0.0,1.0,SOTON/O.Q. 3101305,705.0,31E,S,F6DC8,68.21825492,2417.0,A
228CC221DEED4BC,yes,High,female,18.0,0.0,1.0,231919,2300.0,237,S,EFF7B,253.73411910000002,2518.0,A
FEE7D880813848A,no,Medium,male,55.0,0.0,1.0,113787,3050.0,758,S,E70CC,92.60207264,2819.0,A
F52A6B42D47D410,no,Premium,male,41.0,2.0,1.0,350026,1410.83,9CE,S,833B2,169.6021471,6059.0,A
101708E21256413,no,Premium,male,36.0,0.0,1.0,LINE,0.0,BA8,S,AC698,54.69360212,4933.0,B
E53A74A9B6F94F6,yes,Medium,female,30.0,0.0,1.0,12749,9350.0,1B3,S,20769,123.11069009999999,4926.0,B
0B371CC90875463,no,Premium,male,27.0,1.0,1.0,2659,1445.42,96E,C,4E54E,203.0481771,5395.0,A
C522E7543AC2467,no,Premium,male,29.0,0.0,0.0,347067,777.5,B3E,S,53391,174.9232451,4245.0,A
AA2BDC05BE05449,no,Medium,male,55.0,1.0,2.0,12749,9350.0,A29,S,FC1D9,53.92615785,3387.0,A
C2E402D328B64FF,no,Medium,male,,0.0,1.0,PC 17612,2772.08,B33,C,69C44,186.3069697,7172.0,B
A417B66B5B9649E,yes,Premium,male,,0.0,0.0,368402,775.0,4BB,Q,B430A,167.7686075,6286.0,B
7D9FB4887A9A475,no,High,female,29.0,1.0,0.0,SC/AH 29037,2600.0,7F7,S,24357,182.5990129,3262.0,B
1022A3C930F94BB,no,Premium,male,28.0,0.0,1.0,1601,5649.58,74E,S,B499E,103.7041593,7035.0,B
C0DB8EE3BB4D460,no,Medium,male,46.0,1.0,0.0,W.E.P. 5734,6117.5,CCF,S,77ACD,118.9425672,3608.0,A
630F788F59D346B,no,Medium,male,47.0,0.0,1.0,113796,4240.0,D1F,S,88D71,72.30463489,1301.0,A
2AD078C7AF0F499,no,Premium,male,,0.0,1.0,2664,722.5,2D7,C,30397,228.33893619999998,1761.0,B
E495AAE0874845D,no,Premium,male,21.0,0.0,0.0,A/4. 39886,780.0,12D,S,768CB,113.2087064,3656.0,B
726A294AD65B41A,no,High,male,51.0,0.0,0.0,S.O.P. 1166,1252.5,65E,S,25D74,124.257829,4006.0,B
98B2DB98F8E7489,yes,Premium,female,,0.0,0.0,383123,775.0,262,Q,9548F,170.3858032,2146.0,A
26F287E09D104EC,no,High,male,41.0,0.0,1.0,237734,1504.58,5.00E+06,C,28B0B,178.7098292,3815.0,B
C04A5223F58E458,no,Medium,male,41.0,1.0,1.0,17464,5186.25,797,S,EFC4E,189.8484777,1744.0,B
96630CDE980E423,yes,Premium,male,,1.0,3.0,C.A. 2315,2057.5,8B0,S,80CAD,69.39444107,7676.0,A
6D0276C6987E4D1,yes,Medium,female,35.0,0.0,0.0,PC 17760,13563.33,06B,S,6.10E+08,93.61774644,4928.0,B
0D491435513144E,no,Medium,male,37.0,1.0,0.0,113803,5310.0,825,S,6.10E+57,182.35373869999998,7012.0,A
27702DD7F6FE45E,yes,High,female,24.0,2.0,3.0,29106,1875.0,CF0,S,E0AF3,55.74641031,1441.0,B
65DBD5087993476,yes,Medium,female,24.0,3.0,2.0,19950,26300.0,10B,S,F8766,80.61920609,5429.0,A
D9B658D77F56432,yes,High,female,,0.0,3.0,F.C.C. 13529,2625.0,E1B,S,8E971,173.03082419999998,4707.0,A
5729A376EC7F436,yes,Medium,male,27.0,1.0,0.0,113806,5310.0,502,S,041BC,110.3349682,5893.0,A
896F68DC8697435,yes,High,male,,1.0,2.0,29103,2300.0,796,S,923AB,140.5980306,1403.0,B
0A3A42BB9A86470,yes,High,male,30.0,0.0,1.0,C.A. 34644,1273.75,EF1,C,F6BD1,72.68579026,1668.0,A
CB302EF14EE84F5,no,Premium,male,,0.0,0.0,366713,775.0,7DC,Q,E9B1B,62.62639712,3350.0,B
24C6B9D40E6344D,no,Premium,male,25.0,0.0,1.0,348123,765.0,0DE,S,88563,273.4256034,3414.0,A
2228A6D398E04C3,no,Premium,male,32.0,0.0,0.0,C 4001,2252.5,C24,S,FD786,183.8780927,5029.0,B
D73C1E331E31462,no,High,male,57.0,0.0,1.0,219533,1235.0,8F7,Q,21033,90.4961858,6001.0,B
7885E6B76D614FC,yes,High,female,,1.0,2.0,C.A. 34651,2775.0,26E,S,CB891,177.36800459999998,2447.0,B
B8BE8A395A0E4E0,yes,Premium,male,29.0,0.0,0.0,349240,789.58,30,C,F6127,160.5396585,1549.0,A
3DDB441FF90B447,no,Premium,male,42.0,0.0,0.0,348121,765.0,28D,S,237BA,83.03913823,6376.0,B
3EE000B16D034EA,no,Premium,male,28.0,0.0,1.0,C 4001,2252.5,11A,S,4DA96,112.04045719999999,2815.0,A
B16FBAE7E12E422,no,Medium,male,61.0,0.0,1.0,111240,3350.0,DCF,S,946EC,55.57142838,1941.0,A
0F2499ADB121464,no,Premium,male,33.0,1.0,1.0,363291,2052.5,845,S,32539,136.12219309999998,1655.0,B
B3FD20DC3A254DD,yes,Premium,male,29.0,3.0,1.0,315153,2202.5,ABB,S,805B9,58.19467122,6497.0,B
3.60E+14,no,Medium,male,47.0,0.0,0.0,111320,3850.0,5C8,S,5B13B,137.59149230000003,6097.0,A
D3DF686584354B9,yes,Medium,male,,0.0,0.0,F.C. 12998,2574.17,3D0,C,C1B4F,135.59106119999998,6825.0,A
2370D4C298854B0,yes,Premium,female,30.0,0.0,1.0,364516,1247.5,CA1,S,DE62F,115.7033219,4051.0,A
46D214F8C0684A2,no,Premium,male,,8.0,2.0,CA. 2343,6955.0,DE9,S,39A6A,138.9790418,7057.0,B
F4E46AE1E45840B,no,Premium,male,,0.0,1.0,370374,775.0,8C9,Q,B9959,69.91069827,2259.0,B
6FE5EABFC821468,yes,Medium,male,,0.0,1.0,19988,3050.0,CDE,S,5C28D,82.91628882,7380.0,B
F1C1DB831D6C4A6,no,High,male,25.0,0.0,0.0,F.C.C. 13540,1050.0,42,S,AD72D,138.49965880000002,7010.0,B
593AF6F413214CE,yes,High,male,,0.0,2.0,248738,2900.0,2FF,S,1D69D,99.96141709,5397.0,A
6CF1543D1DDF481,no,Premium,male,33.0,0.0,1.0,349257,789.58,4.00E+03,S,458A7,71.90822935,5346.0,B
ACCA898FED0B4C1,no,High,male,,0.0,0.0,S.O./P.P. 3,1050.0,12,S,C9A9D,138.903399,3089.0,A
28E73A81059B4ED,no,Premium,male,,1.0,1.0,A/5. 851,1450.0,73A,S,34EA3,85.50565833,3928.0,B
9CCB3FB393064A0,yes,Premium,female,,1.0,1.0,367230,1550.0,92E,Q,9.17E+04,122.88803659999999,5347.0,B
DD3AD13F15424A8,no,Premium,male,32.5,0.0,0.0,345775,950.0,75D,S,2.00E+291,60.65161836,6180.0,B
87C7D2F519CD472,yes,Premium,female,,0.0,0.0,A. 2. 39186,805.0,511,S,31A5D,54.28962766,6493.0,B
05BF6C0898F643E,no,Premium,male,44.0,0.0,0.0,363592,805.0,48A,S,F29E8,223.83585060000001,6774.0,A
C376C30CD5B54C4,no,High,male,36.0,0.0,1.0,242963,1300.0,509,S,A34C1,117.96670490000001,6595.0,B
E5F16D00CE034D2,no,Premium,male,,4.0,3.0,347077,3138.75,BBC,S,FA5F9,61.39087918,3600.0,B
60A1169ACE1643C,yes,High,female,36.0,0.0,0.0,27849,1300.0,85A,S,233DC,54.06793308,6776.0,B
03181D982C024E5,yes,High,female,24.0,1.0,1.0,S.C./PARIS 2079,3700.42,188,C,D1682,140.3762534,5569.0,B
5EAF9201A1F34A0,yes,Medium,female,49.0,0.0,0.0,17465,2592.92,889,S,2409,266.7030425,2191.0,B
8B761D253C204DD,yes,High,female,36.0,0.0,4.0,230136,3900.0,D07,S,DB869,129.2790957,4958.0,A
2A16191A808E44D,no,Premium,male,,4.0,2.0,3101295,3968.75,40,S,4F5DD,136.5230841,3896.0,B
B1F4013EEA474A2,no,Premium,male,,1.0,10.0,CA. 2343,6955.0,03C,S,8A64D,50.96257401,2048.0,B
46F0CD19CF71429,no,Medium,female,25.0,1.0,2.0,113781,15155.0,191,S,E2FDF,139.2371471,2410.0,A
8BF51E114DFC467,no,Premium,male,34.5,0.0,0.0,330911,782.92,195,Q,00AA0,128.86467530000002,3529.0,A
3DE4F41609F8469,no,Medium,male,19.0,3.0,2.0,19950,26300.0,65F,S,C0B02,133.41468170000002,3629.0,A
60523688A8884DF,no,Premium,male,20.0,0.0,1.0,345769,950.0,C34,S,EEDF2,90.4408641,7386.0,A
1B3FC49655BE489,no,Premium,male,18.0,1.0,1.0,3101267,649.58,1D2,S,A2D28,246.8655155,7294.0,B
948391EDC10A437,no,High,male,49.0,1.0,2.0,220845,6500.0,DBE,S,5A7E7,56.28033842,4794.0,B
0CE859B48F9644F,no,High,male,35.0,0.0,1.0,239865,2600.0,AAF,S,6440B,112.55344529999999,1827.0,A
FDCA80B83382422,no,Premium,male,18.0,0.0,0.0,315091,866.25,89F,S,6643C,62.74493196,2112.0,B
ED2740BEE36B4AE,no,Premium,male,,0.0,0.0,362316,725.0,202,S,C4352,76.38945403,4113.0,B
217D5FED42B24C5,no,Premium,male,,4.0,2.0,382652,2912.5,CF2,Q,A8CEF,139.7190221,5598.0,B
440E38316E784B1,no,Medium,male,62.0,0.0,1.0,113807,2655.0,DE7,S,F1F02,162.3413177,3092.0,A
00778C087EE84BF,no,Medium,male,46.0,0.0,1.0,694,2600.0,E9C,S,EA86B,243.61108739999997,3941.0,A
E0424887142D486,yes,Medium,female,58.0,0.0,0.0,PC 17569,14652.08,2DB,C,C5E1A,124.1661055,5050.0,B
B91556C35CDF466,yes,Premium,female,,2.0,2.0,2666,1925.83,5AA,C,88820,142.3253351,3395.0,A
A0C6C5F3CA244C8,yes,Premium,male,,0.0,2.0,C 17368,317.08,8A6,S,C737C,105.73049950000001,2931.0,B
63E4754E2308488,yes,Premium,male,,0.0,2.0,392091,935.0,ED7,S,D98BB,118.6454777,2890.0,B
CFD09C0248BB417,yes,Medium,male,,1.0,2.0,113781,15155.0,61A,S,1E53D,141.639912,3164.0,A
767FCAF19EEA4DE,yes,High,male,31.0,0.0,1.0,244270,1300.0,CAC,S,35C89,63.72860943,2998.0,A
15CD008D36644D8,no,Premium,male,,1.0,2.0,A/5. 851,1450.0,0B7,S,E3B68,55.86478396,4541.0,B
4B988717FB004D1,no,Premium,female,,3.0,2.0,4133,2546.67,EF7,S,8C814,82.91329713,7529.0,B
617221E97BB94C5,no,High,male,25.0,0.0,1.0,244361,1300.0,5D6,S,BC795,110.2076946,7707.0,B
FC1CADEB38AD48D,no,Premium,male,,0.0,0.0,392092,805.0,566,S,F845C,98.3851564,7758.0,A
487662632F6B484,yes,Medium,female,35.0,1.0,0.0,113789,,B04,S,4DBC4,60.80047598,7570.0,A
469463FB70084A7,no,Premium,male,24.0,0.0,1.0,342441,805.0,7C8,S,1FA4F,68.64082584,5525.0,A
FE516D7907D64CD,no,High,male,27.0,0.0,1.0,244358,2600.0,71E,S,516D7,79.96963946,3185.0,B
1EBFEDEA489F411,no,Premium,male,,0.0,1.0,3410,871.25,08D,S,CBCEC,59.39863687,2694.0,A
7B38AEFDFFA9403,yes,High,female,55.0,0.0,1.0,248706,1600.0,F64,S,75B1A,176.1632837,2785.0,A
68829B29FAA148E,yes,High,female,48.0,0.0,3.0,C.A. 33112,3675.0,4DD,S,2A36E,104.2441643,4226.0,A
4140962EA6634E0,yes,High,male,,1.0,1.0,230080,2600.0,3EF,S,8DCAC,83.96818494,4331.0,B
60412F15BD694A4,no,Premium,male,,0.0,0.0,345778,950.0,612,S,B40C6,137.3451014,7348.0,A
FAAAC10AD657472,yes,Premium,female,19.0,0.0,0.0,330958,787.92,561,Q,83FD6,129.8023471,6206.0,A
72CF2FA29F38475,no,Premium,male,21.0,0.0,1.0,A/5. 13032,773.33,784,Q,5DF27,53.00270964,7099.0,B
1E0330AA9911466,no,Premium,female,,0.0,1.0,364859,775.0,A45,Q,6F0C2,58.75602552,2513.0,A
B73941B375B74F4,no,Premium,female,22.0,0.0,1.0,3101295,3968.75,16F,S,C8454,122.1506615,1978.0,A
CAAF6F958948464,yes,Premium,female,18.0,0.0,0.0,347066,777.5,4DF,S,1E02D,51.08402227,3183.0,A
DBEE2D913E894F5,no,Premium,female,18.0,2.0,0.0,345764,1800.0,607,S,8ED94,149.5300709,4070.0,B
90CF545328C64E3,no,Premium,male,,0.0,1.0,2674,722.5,AF0,C,EAF83,70.51067886,6971.0,A
54820D3AAA8A4D3,yes,Medium,male,43.0,1.0,0.0,17765,2772.08,0F1,C,FC118,276.69386810000003,3135.0,B
2350020ADB17452,yes,Premium,female,,1.0,0.0,2651,1124.17,6FE,C,6A106,152.950926,7079.0,B
71164885835B4B5,no,Premium,male,28.0,0.0,1.0,392095,725.0,852,S,7D02B,198.8126017,1852.0,A
9FE35808EACD4B0,no,High,male,25.0,0.0,1.0,C.A. 34050,1050.0,285,S,BD6B0,76.11999132,2245.0,B
B69DDE455E194E2,no,Premium,female,,0.0,1.0,350406,785.42,B70,S,4E8C5,58.77962948,7278.0,A
1AD3AB7EC0BD4DC,no,Premium,female,26.0,1.0,1.0,A/5. 3336,1610.0,B5F,S,1.00E+110,76.97496672,1885.0,A
0BF1EBF95AF240D,yes,Medium,female,35.0,1.0,0.0,113803,5310.0,D6C,S,1A9CA,55.45935714,,A
951A4A2911CD42A,no,High,male,62.0,0.0,1.0,240276,968.75,27C,Q,91278,213.9883141,3229.0,B
085C52FF0A884CF,no,Premium,female,,0.0,4.0,4133,2546.67,E5F,S,17C91,222.35675550000002,7250.0,A
B7AE27A6FC8F4BC,yes,Premium,male,,1.0,2.0,347742,1113.33,01C,S,1593,128.1224318,4577.0,A
4EED2E88AA514EF,no,Premium,female,21.0,2.0,3.0,W./C. 6608,3437.5,8C2,S,B979B,168.4444199,4153.0,A
A771A31440674A4,yes,Premium,male,24.0,0.0,0.0,C 17369,714.17,D8A,S,2C1C8,227.2019634,2263.0,A
1A6D8FB4CCE04B6,yes,Medium,female,39.0,1.0,2.0,PC 17756,8315.83,0.00E+00,C,F5285,67.95809377,7848.0,B
CF5B7A5FC25F44D,no,High,male,41.0,0.0,1.0,237393,1300.0,19E,S,30CC5,156.2448665,1312.0,B
185F9DB11C24453,no,Medium,male,,0.0,1.0,113791,2655.0,FC3,S,A5722,129.19729850000002,2633.0,B
E716AA6DE25B485,no,Premium,female,,4.0,2.0,347082,3127.5,4D8,S,F59CE,69.44109249,7860.0,B
EA9AAF8305B642F,no,Premium,male,32.0,0.0,1.0,STON/O 2. 3101292,792.5,E6E,S,60555,112.9717403,5567.0,A
7A1E6081AEFB4D6,no,Premium,male,20.0,0.0,1.0,SOTON/O2 3101287,792.5,30F,S,2C473,99.73151915,2732.0,B
F6F49AB573AB45C,yes,Premium,male,36.5,1.0,0.0,345572,1740.0,FF4,S,F9927,119.4365054,3935.0,B
9AE27ECDC48C402,no,Premium,male,20.0,0.0,1.0,347466,785.42,99F,S,B7DE8,182.25012030000002,7388.0,A
4DF3748A2FF54E0,yes,Premium,male,20.0,1.0,1.0,2653,1574.17,38A,C,2F97B,96.53911548,3993.0,B
2EC720F51F2E4EB,no,High,male,25.0,0.0,1.0,C.A. 29178,1300.0,241,S,15049,58.96929839,5190.0,B
CED2AD95912D469,no,Premium,female,,5.0,3.0,CA 2144,4690.0,49C,S,A6A13,160.72696430000002,3824.0,B
F1E0937D8B88439,yes,Medium,female,50.0,0.0,2.0,PC 17558,24752.08,660,C,,203.47292240000002,5285.0,A
D7F582F8489D4A8,yes,Premium,female,18.0,0.0,1.0,4138,984.17,A94,S,F0268,139.163751,7872.0,B
064FAA4E3187417,no,Premium,male,22.0,0.0,1.0,324669,805.0,208,S,DFD83,136.83984850000002,5773.0,B
5BB96B124BE7435,no,Premium,male,,0.0,1.0,2700,722.92,800,C,C1284,59.32110146,5813.0,B
D43760FE0E274DB,no,Premium,male,,5.0,2.0,CA 2144,4690.0,3C0,S,E41BF,169.0004948,5427.0,A
4A90BDCFA5CE489,no,Premium,male,29.0,0.0,0.0,343276,805.0,E99,S,4CB25,173.84034219999998,4550.0,B
1458EC98E1F3485,yes,Medium,female,31.0,1.0,1.0,35273,11327.5,CE2,C,E020F,109.55205020000001,4530.0,A
EA3EAD5AE4C54EC,no,Premium,male,,1.0,4.0,W./C. 6608,3437.5,E6E,S,CBAE3,126.95710159999999,6840.0,B
86B6443CBEC64DE,no,Premium,male,,0.0,1.0,S.O./P.P. 251,755.0,312,S,F2476,98.4064985,4806.0,A
EA7BC412184F466,no,Premium,female,29.0,1.0,1.0,347054,1046.25,0B3,S,7461D,256.9667078,7034.0,B
6D992629940E484,no,Premium,male,,0.0,1.0,36209,772.5,A1D,Q,D6AFE,81.42269567,5676.0,A
3CBD5D71BDC1432,no,Premium,male,33.0,0.0,0.0,345780,950.0,1B7,S,163D0,151.5973997,2140.0,A
33FFB25D48D643D,no,Premium,male,,0.0,1.0,2641,722.92,448,C,1E5E6,326.0299918,3704.0,B
40F5C8D6B46A4AF,no,Premium,male,28.0,0.0,0.0,347464,785.42,9A6,S,77F1B,129.2107118,7841.0,A
63D4CF253FF9469,no,Premium,male,21.0,0.0,0.0,342684,805.0,4ED,S,4D711,116.39218729999999,7534.0,A
DE3C3F57CD404EC,yes,Premium,male,32.0,0.0,1.0,1601,5649.58,16A,S,C07B5,94.72519405,4611.0,B
2E67CB8AC1D8443,no,Premium,female,,1.0,1.0,2665,1445.42,30,C,7B4BB,111.03902420000001,4632.0,B
2D35B455D70B42C,no,Premium,female,37.0,0.0,0.0,368364,775.0,453,Q,43B03,82.63208459999998,5161.0,A
581E57F5AAEF450,no,High,male,43.0,0.0,2.0,S.O./P.P. 2,2100.0,9F0,S,C5EF2,281.9022355,4656.0,B
BA27DE61C13547D,no,Premium,male,41.0,0.0,1.0,SOTON/O.Q. 3101263,785.0,C7A,S,31CDC,177.369453,4833.0,A
99BA2311104642A,yes,Medium,female,38.0,0.0,0.0,PC 17757,22752.5,56D,C,01AC8,63.02447386,3160.0,B
A5B64413CB3E405,no,Premium,male,,0.0,1.0,349220,789.58,22C,S,BABEA,57.12115487,3887.0,A
204D35504485488,no,Premium,male,40.0,1.0,7.0,CA 2144,4690.0,C6E,S,68236,227.10159539999998,6667.0,A
3EB0BF094F65404,yes,Medium,female,30.0,0.0,1.0,110152,8650.0,6B3,S,67810,101.3388753,5286.0,B
DF9177A7980E40D,no,High,male,23.0,0.0,1.0,244278,1050.0,EC3,S,2E4C5,75.03364844,2791.0,B
81B0FCC40A1A452,yes,Premium,female,,0.0,0.0,,775.0,5.00E+08,Q,CA06D,95.23418946,5130.0,B
5F56470D625C479,yes,Medium,female,22.0,0.0,2.0,13568,4950.0,FF9,C,4375D,239.38769100000002,3998.0,A
48AD3D53FC2B4F5,no,Premium,female,,1.0,0.0,2665,1445.42,773,C,0D8B5,77.17384949,2588.0,B
FB481C047C2D4C0,no,Premium,male,,0.0,0.0,349208,789.58,DA0,S,CBE36,130.3845121,4115.0,A
5CCE53C60D54466,no,Premium,male,33.0,0.0,1.0,349241,789.58,EB0,C,9CF15,65.40148769,7713.0,B
682C37C3B35045D,no,Premium,male,,0.0,0.0,359309,805.0,AA0,S,0D55F,76.26240743,5793.0,B
A4D14A0EF465486,no,Premium,male,18.0,0.0,0.0,2223,830.0,107,S,7C63F,65.82416396,7172.0,A
B4AF8E48A3C04EF,no,High,male,34.0,1.0,0.0,226875,2600.0,2.00E+01,S,7229D,154.0888539,7395.0,B
0C9F716E50564A8,no,High,male,30.0,0.0,1.0,W/C 14208,1050.0,C22,S,0EABF,156.7418743,2635.0,B
0E26757704E8402,no,Medium,male,38.0,0.0,2.0,PC 17582,15346.25,AF4,S,B272C,186.4892643,7415.0,A
78E64349F1F1496,yes,High,female,18.0,0.0,3.0,250652,1300.0,EDC,S,5C819,109.6865982,2516.0,B
6E235538191042B,yes,Medium,female,43.0,0.0,1.0,24160,21133.75,7B4,S,43665,78.7106032,4570.0,B
28D41C719A6A4BA,no,Medium,male,54.0,0.0,1.0,35281,7728.75,5BF,S,F0F36,167.57428280000002,2081.0,B
A0C5DCD6D403419,no,Premium,male,26.0,0.0,1.0,330910,787.92,12,Q,ED251,70.20737686,6798.0,B
ADDFF160EB6C47B,yes,Premium,female,,0.0,2.0,2668,2235.83,535,C,1F870,53.02423981,6679.0,A
717E9A394E494C9,no,Premium,female,43.0,1.0,7.0,CA 2144,4690.0,F87,S,D7347,119.5755019,5491.0,A
25ACA96885A94FF,no,Premium,male,22.0,0.0,1.0,PP 4348,935.0,C82,S,66D45,199.6236632,1525.0,B
CE954F1F728C4D3,yes,Medium,female,45.0,1.0,1.0,11753,5255.42,A00,S,ACED0,226.9610488,7746.0,A
32D1DC2A22DC4F9,no,Premium,male,45.5,0.0,0.0,2628,722.5,0,C,04B74,66.961232,4661.0,A
88D333E06E47455,yes,Medium,female,22.0,0.0,1.0,112378,5940.0,29A,C,A8F28,53.73203465,1346.0,A
73151D451041465,no,High,male,42.0,1.0,2.0,28220,3250.0,DA2,S,45576,161.9598446,3503.0,A
2E8604912C3C45D,no,High,male,40.0,1.0,1.0,2926,2600.0,68F,S,C3C3F,76.56343906,5999.0,B
A97320C5ED184EB,no,Premium,female,,1.0,0.0,2689,1445.83,B8D,C,C0A76,96.93655240000001,2205.0,A
9365B174479F421,no,High,male,23.0,2.0,2.0,29104,1150.0,C1F,S,,71.46470168,3560.0,B
CD4A11BED7B04AC,yes,High,female,33.0,0.0,3.0,26360,2600.0,B9E,S,4E64F,132.3868935,4149.0,B
6D51581EBC1E4E1,yes,High,female,19.0,0.0,0.0,250655,2600.0,DB8,S,8DF62,138.94788400000002,4085.0,B
46C3B4A7E2E3443,no,High,male,70.0,0.0,0.0,C.A. 24580,1050.0,759,S,6CCAA,157.73832919999998,4405.0,A
4C2EBDB2F0E744E,no,Premium,female,,0.0,3.0,364848,775.0,F44,Q,1ED3C,96.51145815,2268.0,B
9D01B49B32FC432,no,Premium,male,,0.0,0.0,2673,722.92,A3E,C,9865,159.07223330000002,3569.0,B
08611C8322424F6,no,Medium,male,24.0,0.0,1.0,PC 17593,7920.0,6AC,C,4FFD7,219.96925519999996,3068.0,A
1080E57315CC4A1,no,Medium,male,,0.0,0.0,PC 17318,2592.5,9AF,S,03CF5,154.5936131,4557.0,A
96A9D578A818449,yes,High,female,36.0,1.0,0.0,226875,2600.0,983,S,9.45E+09,59.90610968,7399.0,B
6FF93DFC4D7E439,yes,Premium,female,22.0,0.0,0.0,347085,777.5,444,S,4C316,78.10740742,1873.0,B
574F11CC23AB46A,no,Premium,male,55.5,0.0,0.0,A.5. 11206,805.0,3EE,S,92975,68.25454865,7732.0,A
EF319AAD8691472,no,Medium,male,29.0,1.0,1.0,113776,,88A,S,7DFE9,85.2134597,4003.0,A
75404D00DFCE480,yes,Medium,female,45.0,1.0,2.0,36928,16486.67,938,S,AE32C,78.33922719,6759.0,B
80BBA1534FBF45F,no,Medium,male,,0.0,1.0,113798,3100.0,1B9,S,708B2,207.0365138,7333.0,A
94616715C7F3413,no,Medium,male,29.0,0.0,0.0,113501,3000.0,E3A,S,47B2A,59.37653198,2696.0,A
C9F863861E0F43A,no,Medium,male,,0.0,0.0,PC 17605,2772.08,EEC,C,016CC,55.75762506,3617.0,B
4E0E4171A216434,yes,Medium,male,54.0,1.0,0.0,11778,5544.17,C11,C,C07F5,161.4597099,6364.0,B
FA7B6C5A96444D3,no,Premium,male,25.0,1.0,0.0,347076,777.5,7AF,S,96221,65.31171925,3168.0,B
6A2A46107B9D4C7,no,Premium,male,,0.0,0.0,2684,722.5,E2C,C,2F2B8,286.7441459,1976.0,A
03533BC877F4455,yes,Medium,female,39.0,0.0,1.0,24160,21133.75,F38,S,FE3E9,81.31377383,3751.0,B
D45923436B58454,no,High,male,18.0,0.0,1.0,231945,1150.0,A2A,S,7142F,243.5644057,1388.0,A
F4E2209736C449B,no,Premium,male,,0.0,1.0,C.A. 6212,1510.0,B6C,S,DB4CB,75.28555162,2388.0,B
247C7BE08D0C4ED,yes,High,female,,1.0,1.0,26360,2600.0,8B7,S,8.14E+09,85.30138776,5176.0,B
745041C7461340B,yes,Premium,female,63.0,0.0,0.0,4134,958.75,25B,S,63FD5,107.6650527,3285.0,B
CCF5A463D3BC472,yes,Premium,female,,0.0,0.0,14313,,6F2,Q,D21EF,260.9223926,2631.0,A
F36F532F10C74E7,no,Medium,male,19.0,1.0,0.0,113773,5310.0,B6E,S,BFFC3,132.6395699,1308.0,B
DD6D10BD5B8F485,yes,Medium,female,44.0,0.0,2.0,111361,5797.92,0CB,C,18F82,106.4128463,6376.0,B
613317B41FA84FC,no,Premium,male,24.0,0.0,1.0,315092,866.25,3CD,S,B586A,50.24535599,4339.0,B
B0ADC891D14946F,no,Premium,male,34.0,0.0,0.0,3101264,649.58,8DB,S,37BBF,71.31024874,4788.0,A
5688A7DB4AFF46F,no,Premium,female,,1.0,2.0,370129,2021.25,AA7,S,B838E,67.08159763,5778.0,B
332075C1FBF544E,no,High,male,31.0,1.0,2.0,S.C./PARIS 2079,3700.42,946,C,3423A,53.20310184,4091.0,A
12CD64BAA6644D7,yes,Premium,female,,0.0,0.0,330919,782.92,0FE,Q,0B451,58.53509585,6938.0,B
FCDE060FC8E74C6,no,Premium,female,27.0,1.0,1.0,STON/O2. 3101270,792.5,709,S,D207A,149.10879309999999,4758.0,A
C3BD23F4C51C4D6,yes,Medium,male,23.0,0.0,2.0,PC 17759,6335.83,32E,C,4AE03,131.15982490000002,6990.0,B
6591A721DD72439,yes,Medium,male,49.0,1.0,1.0,17453,8910.42,DA0,C,5AB4A,100.0469484,7459.0,B
9F1FD4386E7A419,no,Medium,male,46.0,0.0,0.0,PC 17593,7920.0,D90,C,2C4D9,162.1829257,3865.0,B
63193E3CA0F840B,yes,Premium,female,33.0,3.0,0.0,3101278,1585.0,46D,S,A3D8B,76.75384645,2650.0,B
68DE08E524504CD,yes,Premium,female,,0.0,0.0,330923,802.92,D30,Q,970CF,178.06511930000002,6527.0,B
B1AF7E969B0A48C,no,High,male,36.0,0.0,0.0,229236,1300.0,7C2,S,97751,99.31295577,1772.0,B
7C6239D261BD4CA,yes,Premium,female,,1.0,0.0,376564,1610.0,599,S,E071D,118.1236045,3917.0,A
DAF778DD00F8407,yes,Medium,male,32.0,0.0,1.0,13214,,F22,C,55CC4,54.71725550000001,6754.0,A
F59BB97E471A4B6,no,Medium,male,28.0,0.0,1.0,113059,4710.0,9EF,S,3DBCF,84.86804827,3005.0,B
CFB8174011B2457,no,Premium,male,20.0,0.0,1.0,6563,922.5,BCB,S,1D833,145.2465132,5900.0,B
DAB7F7F0F7D745A,no,Premium,male,38.0,0.0,0.0,315089,866.25,E20,S,ED468,143.45891890000001,2330.0,B
EEB84B2B59A4467,yes,Premium,female,,0.0,3.0,2661,1524.58,F96,C,391C4,108.1534449,5163.0,A
654586D69EA1468,yes,Medium,female,,1.0,1.0,PC 17569,14652.08,D67,C,A6DB0,129.7372185,4216.0,A
F0C22C56D03E402,no,Premium,male,,0.0,0.0,312993,777.5,54F,S,7290B,210.81035740000002,2763.0,A
62D287DD1E4841D,yes,Medium,male,36.0,1.0,2.0,113760,12000.0,387,S,EA788,274.761119,6282.0,B
22CFBD0232FA449,no,High,male,59.0,0.0,0.0,237442,1350.0,DD6,S,6C9D0,150.6897727,5027.0,A
7336C406DC1D4AD,no,Premium,female,45.0,0.0,1.0,347073,775.0,7FE,S,98C5B,51.07809639,1878.0,A
6AEFDFD6EEB74C8,no,High,female,44.0,1.0,1.0,244252,2600.0,2BE,S,ED5DA,107.40076380000001,2171.0,A
ED05F307FBE84DC,yes,High,female,,1.0,3.0,C.A. 34651,2775.0,8FA,S,539D7,179.9857628,7046.0,B
86D4FB50F10A47C,no,Premium,male,22.5,0.0,0.0,2698,722.5,B02,C,2605C,133.8562153,7587.0,B
BE1E8CA987174CF,yes,Premium,female,,0.0,2.0,371362,1610.0,1F8,S,0F27C,57.7448364,7506.0,B
358EEC4160A4478,no,High,male,25.0,0.0,1.0,234686,1300.0,3CA,S,667C4,50.4545968,7235.0,B
